ProdutoID,SKU,Produto,Categoria,Subcategoria,Marca,UnidadeMedida,CustoPadrao,PrecoTabela,MargemAlvo,FornecedorPrincipalID,CurvaABCBase,StatusProduto,DataLancamento
1,VOL-00001,Elétrica Linha 01 Modelo 01,Elétrica,Linha 1,Autoline,UN,139.5900,191.8200,0.2723,22,B,Ativo,2026-01-30
2,VOL-00002,Palhetas Linha 01 Modelo 02,Palhetas,Linha 2,Mobilis,UN,19.4100,29.1700,0.3346,26,C,Ativo,2023-04-23
3,VOL-00003,Filtros Linha 01 Modelo 03,Filtros,Linha 3,Voltix,UN,18.3600,25.1900,0.2714,20,C,Ativo,2025-06-21
4,VOL-00004,Lubrificantes Linha 01 Modelo 04,Lubrificantes,Linha 4,Mobilis,UN,97.8100,141.2000,0.3073,48,C,Ativo,2025-08-25
5,VOL-00005,Lubrificantes Linha 01 Modelo 05,Lubrificantes,Linha 5,Forte,UN,58.7200,72.6300,0.1915,37,A,Ativo,2025-07-17
6,VOL-00006,Baterias Linha 01 Modelo 06,Baterias,Linha 1,Tork,UN,412.0100,594.8200,0.3073,7,C,Ativo,2026-03-23
7,VOL-00007,Acessórios Linha 01 Modelo 07,Acessórios,Linha 2,Forte,UN,85.2100,110.3900,0.2281,13,B,Ativo,2023-05-24
8,VOL-00008,Iluminação Linha 01 Modelo 08,Iluminação,Linha 3,Mobilis,UN,29.2600,43.3200,0.3247,50,A,Ativo,2024-12-06
9,VOL-00009,Iluminação Linha 01 Modelo 09,Iluminação,Linha 4,Forte,UN,28.5400,41.6700,0.3152,24,C,Ativo,2023-05-06
10,VOL-00010,Lubrificantes Linha 01 Modelo 10,Lubrificantes,Linha 5,Forte,UN,31.4600,50.1100,0.3722,32,C,Ativo,2024-04-19
11,VOL-00011,Lubrificantes Linha 01 Modelo 11,Lubrificantes,Linha 1,Autoline,UN,33.9000,49.9700,0.3215,37,B,Ativo,2024-05-11
12,VOL-00012,Palhetas Linha 01 Modelo 12,Palhetas,Linha 2,Forte,UN,69.0400,82.3000,0.1611,44,C,Ativo,2026-03-16
13,VOL-00013,Baterias Linha 01 Modelo 13,Baterias,Linha 3,MaxParts,UN,676.5900,1065.3400,0.3649,13,C,Ativo,2024-05-02
14,VOL-00014,Baterias Linha 01 Modelo 14,Baterias,Linha 4,Tork,UN,529.1300,631.9600,0.1627,13,C,Ativo,2025-06-15
15,VOL-00015,Palhetas Linha 01 Modelo 15,Palhetas,Linha 5,Forte,UN,31.2700,51.0600,0.3876,46,B,Descontinuado,2025-02-15
16,VOL-00016,Filtros Linha 02 Modelo 01,Filtros,Linha 1,Tork,UN,53.1500,73.0600,0.2725,50,A,Ativo,2023-08-30
17,VOL-00017,Filtros Linha 02 Modelo 02,Filtros,Linha 2,Mobilis,UN,32.3400,41.3200,0.2172,42,B,Ativo,2024-10-29
18,VOL-00018,Filtros Linha 02 Modelo 03,Filtros,Linha 3,Autoline,UN,30.3500,41.3100,0.2654,8,C,Ativo,2026-02-09
19,VOL-00019,Iluminação Linha 02 Modelo 04,Iluminação,Linha 4,Voltix,UN,66.4400,81.9700,0.1895,2,B,Ativo,2026-01-11
20,VOL-00020,Palhetas Linha 02 Modelo 05,Palhetas,Linha 5,Mobilis,UN,92.5800,141.2100,0.3444,29,B,Ativo,2023-10-02
21,VOL-00021,Acessórios Linha 02 Modelo 06,Acessórios,Linha 1,Voltix,UN,63.9700,76.7400,0.1665,49,C,Descontinuado,2026-02-10
22,VOL-00022,Baterias Linha 02 Modelo 07,Baterias,Linha 2,MaxParts,UN,243.5700,355.4500,0.3147,16,B,Ativo,2024-04-02
23,VOL-00023,Iluminação Linha 02 Modelo 08,Iluminação,Linha 3,MaxParts,UN,35.9800,55.8200,0.3554,1,C,Ativo,2025-03-12
24,VOL-00024,Acessórios Linha 02 Modelo 09,Acessórios,Linha 4,MaxParts,UN,56.9200,91.4000,0.3773,15,C,Ativo,2024-05-29
25,VOL-00025,Filtros Linha 02 Modelo 10,Filtros,Linha 5,MaxParts,UN,9.6200,11.4800,0.1618,15,C,Lançamento,2026-06-23
26,VOL-00026,Filtros Linha 02 Modelo 11,Filtros,Linha 1,MaxParts,UN,71.0900,98.0100,0.2747,12,B,Ativo,2024-12-03
27,VOL-00027,Acessórios Linha 02 Modelo 12,Acessórios,Linha 2,Autoline,UN,50.0800,65.8700,0.2397,18,B,Ativo,2026-07-20
28,VOL-00028,Baterias Linha 02 Modelo 13,Baterias,Linha 3,MaxParts,UN,308.7200,457.7000,0.3255,5,B,Ativo,2026-03-18
29,VOL-00029,Baterias Linha 02 Modelo 14,Baterias,Linha 4,Voltix,UN,426.2400,503.7300,0.1538,30,C,Ativo,2024-06-20
30,VOL-00030,Baterias Linha 02 Modelo 15,Baterias,Linha 5,Forte,UN,481.4900,608.7000,0.2090,22,B,Ativo,2023-01-08
31,VOL-00031,Lubrificantes Linha 03 Modelo 01,Lubrificantes,Linha 1,Forte,UN,55.4400,81.2200,0.3175,23,B,Ativo,2024-10-11
32,VOL-00032,Lubrificantes Linha 03 Modelo 02,Lubrificantes,Linha 2,Voltix,UN,79.8800,116.8800,0.3166,4,A,Ativo,2024-01-13
33,VOL-00033,Lubrificantes Linha 03 Modelo 03,Lubrificantes,Linha 3,Voltix,UN,52.3500,72.5400,0.2783,17,C,Ativo,2023-11-25
34,VOL-00034,Baterias Linha 03 Modelo 04,Baterias,Linha 4,Tork,UN,392.5500,485.9700,0.1922,46,C,Ativo,2023-09-22
35,VOL-00035,Baterias Linha 03 Modelo 05,Baterias,Linha 5,Voltix,UN,195.0200,304.2600,0.3590,9,B,Ativo,2026-02-14
36,VOL-00036,Palhetas Linha 03 Modelo 06,Palhetas,Linha 1,MaxParts,UN,14.6600,18.2900,0.1987,6,A,Ativo,2024-08-04
37,VOL-00037,Lubrificantes Linha 03 Modelo 07,Lubrificantes,Linha 2,Forte,UN,107.9500,170.4500,0.3667,47,A,Ativo,2025-02-14
38,VOL-00038,Lubrificantes Linha 03 Modelo 08,Lubrificantes,Linha 3,Forte,UN,73.1300,116.3900,0.3716,11,C,Ativo,2023-11-26
39,VOL-00039,Baterias Linha 03 Modelo 09,Baterias,Linha 4,Autoline,UN,524.5900,839.0700,0.3748,25,A,Ativo,2023-12-25
40,VOL-00040,Filtros Linha 03 Modelo 10,Filtros,Linha 5,Mobilis,UN,43.1400,52.8200,0.1833,10,B,Ativo,2024-07-01
41,VOL-00041,Acessórios Linha 03 Modelo 11,Acessórios,Linha 1,Tork,UN,59.3900,91.9700,0.3542,10,B,Ativo,2026-06-07
42,VOL-00042,Acessórios Linha 03 Modelo 12,Acessórios,Linha 2,Forte,UN,44.1800,59.3300,0.2554,18,C,Ativo,2023-03-16
43,VOL-00043,Baterias Linha 03 Modelo 13,Baterias,Linha 3,MaxParts,UN,147.5800,209.6100,0.2959,24,B,Ativo,2025-05-21
44,VOL-00044,Baterias Linha 03 Modelo 14,Baterias,Linha 4,Mobilis,UN,340.7400,431.5200,0.2104,37,A,Ativo,2024-09-12
45,VOL-00045,Manutenção Linha 03 Modelo 15,Manutenção,Linha 5,Forte,UN,31.9400,37.6500,0.1518,36,C,Ativo,2025-11-24
46,VOL-00046,Filtros Linha 04 Modelo 01,Filtros,Linha 1,Autoline,UN,25.9600,34.9700,0.2578,15,C,Ativo,2024-02-16
47,VOL-00047,Acessórios Linha 04 Modelo 02,Acessórios,Linha 2,Mobilis,UN,69.8800,82.2100,0.1500,48,C,Ativo,2024-08-23
48,VOL-00048,Filtros Linha 04 Modelo 03,Filtros,Linha 3,Mobilis,UN,36.7500,48.1900,0.2373,2,A,Ativo,2024-01-26
49,VOL-00049,Elétrica Linha 04 Modelo 04,Elétrica,Linha 4,Voltix,UN,153.8900,222.6600,0.3089,13,A,Descontinuado,2025-04-20
50,VOL-00050,Filtros Linha 04 Modelo 05,Filtros,Linha 5,Forte,UN,26.6500,37.9100,0.2970,42,C,Ativo,2025-04-10
51,VOL-00051,Iluminação Linha 04 Modelo 06,Iluminação,Linha 1,Autoline,UN,46.7800,63.7500,0.2662,35,B,Ativo,2025-10-03
52,VOL-00052,Lubrificantes Linha 04 Modelo 07,Lubrificantes,Linha 2,Tork,UN,77.6700,118.8500,0.3465,17,A,Ativo,2024-11-02
53,VOL-00053,Elétrica Linha 04 Modelo 08,Elétrica,Linha 3,Autoline,UN,113.1600,157.0900,0.2796,8,C,Ativo,2023-08-06
54,VOL-00054,Iluminação Linha 04 Modelo 09,Iluminação,Linha 4,Voltix,UN,70.9500,87.4100,0.1883,22,C,Ativo,2024-10-31
55,VOL-00055,Baterias Linha 04 Modelo 10,Baterias,Linha 5,Voltix,UN,599.7800,937.2800,0.3601,14,C,Descontinuado,2023-10-26
56,VOL-00056,Lubrificantes Linha 04 Modelo 11,Lubrificantes,Linha 1,Autoline,UN,76.0500,93.3100,0.1850,2,B,Ativo,2024-07-16
57,VOL-00057,Iluminação Linha 04 Modelo 12,Iluminação,Linha 2,Tork,UN,58.5400,83.7600,0.3011,3,B,Ativo,2024-10-20
58,VOL-00058,Elétrica Linha 04 Modelo 13,Elétrica,Linha 3,Mobilis,UN,189.7600,248.1100,0.2352,2,A,Ativo,2026-01-14
59,VOL-00059,Iluminação Linha 04 Modelo 14,Iluminação,Linha 4,MaxParts,UN,36.8300,56.2800,0.3457,21,C,Ativo,2024-02-26
60,VOL-00060,Baterias Linha 04 Modelo 15,Baterias,Linha 5,Tork,UN,286.4300,424.1800,0.3247,12,C,Ativo,2024-06-10
61,VOL-00061,Iluminação Linha 05 Modelo 01,Iluminação,Linha 1,Mobilis,UN,40.2900,52.3700,0.2308,44,C,Ativo,2024-08-14
62,VOL-00062,Manutenção Linha 05 Modelo 02,Manutenção,Linha 2,MaxParts,UN,35.6400,48.3400,0.2627,27,C,Ativo,2024-03-03
63,VOL-00063,Lubrificantes Linha 05 Modelo 03,Lubrificantes,Linha 3,Voltix,UN,58.1600,89.7300,0.3519,36,C,Ativo,2025-09-01
64,VOL-00064,Lubrificantes Linha 05 Modelo 04,Lubrificantes,Linha 4,Forte,UN,57.0800,77.8100,0.2664,26,B,Ativo,2023-08-24
65,VOL-00065,Lubrificantes Linha 05 Modelo 05,Lubrificantes,Linha 5,Forte,UN,58.7700,95.2400,0.3829,5,B,Ativo,2026-05-13
66,VOL-00066,Manutenção Linha 05 Modelo 06,Manutenção,Linha 1,Forte,UN,51.6400,64.3100,0.1971,14,B,Ativo,2025-02-16
67,VOL-00067,Filtros Linha 05 Modelo 07,Filtros,Linha 2,MaxParts,UN,52.9700,65.7500,0.1945,1,B,Ativo,2026-04-28
68,VOL-00068,Baterias Linha 05 Modelo 08,Baterias,Linha 3,MaxParts,UN,263.2000,330.0100,0.2025,17,A,Ativo,2024-07-06
69,VOL-00069,Elétrica Linha 05 Modelo 09,Elétrica,Linha 4,Forte,UN,132.7500,186.5200,0.2883,37,C,Ativo,2024-11-23
70,VOL-00070,Baterias Linha 05 Modelo 10,Baterias,Linha 5,Autoline,UN,364.6300,520.7200,0.2998,1,A,Ativo,2026-03-10
71,VOL-00071,Filtros Linha 05 Modelo 11,Filtros,Linha 1,MaxParts,UN,35.3600,41.8800,0.1558,25,A,Ativo,2023-02-02
72,VOL-00072,Baterias Linha 05 Modelo 12,Baterias,Linha 2,Mobilis,UN,296.9600,373.7200,0.2054,11,B,Ativo,2023-06-13
73,VOL-00073,Lubrificantes Linha 05 Modelo 13,Lubrificantes,Linha 3,Voltix,UN,64.7900,77.1600,0.1603,43,B,Ativo,2024-04-04
74,VOL-00074,Acessórios Linha 05 Modelo 14,Acessórios,Linha 4,Autoline,UN,121.1100,153.0500,0.2087,6,C,Ativo,2024-04-24
75,VOL-00075,Iluminação Linha 05 Modelo 15,Iluminação,Linha 5,Autoline,UN,17.9700,29.4100,0.3889,7,A,Ativo,2025-08-23
76,VOL-00076,Baterias Linha 06 Modelo 01,Baterias,Linha 1,Tork,UN,338.8800,417.0500,0.1874,46,B,Ativo,2026-03-04
77,VOL-00077,Baterias Linha 06 Modelo 02,Baterias,Linha 2,Mobilis,UN,482.3200,764.1200,0.3688,24,B,Ativo,2024-05-19
78,VOL-00078,Acessórios Linha 06 Modelo 03,Acessórios,Linha 3,Forte,UN,41.7600,50.6900,0.1762,26,C,Ativo,2026-05-09
79,VOL-00079,Filtros Linha 06 Modelo 04,Filtros,Linha 4,Autoline,UN,20.3100,32.3400,0.3719,50,C,Ativo,2026-02-11
80,VOL-00080,Baterias Linha 06 Modelo 05,Baterias,Linha 5,Mobilis,UN,320.9100,410.8300,0.2189,8,B,Ativo,2025-11-12
81,VOL-00081,Baterias Linha 06 Modelo 06,Baterias,Linha 1,Voltix,UN,600.5500,862.5900,0.3038,21,B,Ativo,2026-03-22
82,VOL-00082,Baterias Linha 06 Modelo 07,Baterias,Linha 2,Voltix,UN,369.3800,495.5600,0.2546,40,C,Ativo,2023-04-24
83,VOL-00083,Filtros Linha 06 Modelo 08,Filtros,Linha 3,Forte,UN,42.4600,62.2800,0.3182,16,C,Ativo,2024-01-24
84,VOL-00084,Manutenção Linha 06 Modelo 09,Manutenção,Linha 4,Tork,UN,49.2500,72.4900,0.3207,34,C,Ativo,2023-12-24
85,VOL-00085,Baterias Linha 06 Modelo 10,Baterias,Linha 5,MaxParts,UN,566.9700,793.5500,0.2855,48,B,Ativo,2025-04-14
86,VOL-00086,Filtros Linha 06 Modelo 11,Filtros,Linha 1,Autoline,UN,38.1100,52.2100,0.2701,18,C,Ativo,2023-04-24
87,VOL-00087,Palhetas Linha 06 Modelo 12,Palhetas,Linha 2,Tork,UN,71.9400,91.2500,0.2116,39,C,Ativo,2026-03-29
88,VOL-00088,Lubrificantes Linha 06 Modelo 13,Lubrificantes,Linha 3,Voltix,UN,78.4700,111.7300,0.2977,4,B,Lançamento,2026-07-31
89,VOL-00089,Baterias Linha 06 Modelo 14,Baterias,Linha 4,Forte,UN,338.1800,477.4800,0.2917,2,C,Ativo,2026-02-05
90,VOL-00090,Acessórios Linha 06 Modelo 15,Acessórios,Linha 5,Autoline,UN,99.0800,128.6100,0.2296,38,C,Ativo,2024-11-10
91,VOL-00091,Iluminação Linha 07 Modelo 01,Iluminação,Linha 1,Forte,UN,67.6000,85.5900,0.2102,14,B,Ativo,2024-02-16
92,VOL-00092,Lubrificantes Linha 07 Modelo 02,Lubrificantes,Linha 2,Mobilis,UN,42.0300,58.6600,0.2836,3,A,Ativo,2024-11-30
93,VOL-00093,Elétrica Linha 07 Modelo 03,Elétrica,Linha 3,Tork,UN,48.1000,65.4400,0.2650,2,B,Ativo,2023-02-06
94,VOL-00094,Lubrificantes Linha 07 Modelo 04,Lubrificantes,Linha 4,MaxParts,UN,59.4600,71.6800,0.1706,27,A,Ativo,2023-06-14
95,VOL-00095,Manutenção Linha 07 Modelo 05,Manutenção,Linha 5,Mobilis,UN,28.3900,37.5500,0.2439,29,C,Ativo,2023-08-04
96,VOL-00096,Palhetas Linha 07 Modelo 06,Palhetas,Linha 1,Forte,UN,23.2300,36.1500,0.3573,36,C,Ativo,2023-11-04
97,VOL-00097,Iluminação Linha 07 Modelo 07,Iluminação,Linha 2,Tork,UN,30.8300,44.4800,0.3071,44,C,Ativo,2024-06-21
98,VOL-00098,Acessórios Linha 07 Modelo 08,Acessórios,Linha 3,Forte,UN,60.6100,73.0800,0.1707,6,C,Ativo,2026-02-23
99,VOL-00099,Palhetas Linha 07 Modelo 09,Palhetas,Linha 4,Autoline,UN,103.1900,126.6300,0.1851,14,A,Ativo,2024-01-31
100,VOL-00100,Filtros Linha 07 Modelo 10,Filtros,Linha 5,Mobilis,UN,51.9100,61.3000,0.1531,17,B,Ativo,2023-02-12
101,VOL-00101,Baterias Linha 07 Modelo 11,Baterias,Linha 1,Voltix,UN,302.9400,383.7200,0.2105,14,C,Ativo,2023-11-26
102,VOL-00102,Baterias Linha 07 Modelo 12,Baterias,Linha 2,Tork,UN,462.7400,657.5800,0.2963,17,B,Ativo,2025-03-12
103,VOL-00103,Lubrificantes Linha 07 Modelo 13,Lubrificantes,Linha 3,Voltix,UN,30.0400,37.3600,0.1959,44,C,Ativo,2024-12-15
104,VOL-00104,Filtros Linha 07 Modelo 14,Filtros,Linha 4,Mobilis,UN,32.4800,42.1100,0.2286,24,C,Descontinuado,2024-03-11
105,VOL-00105,Lubrificantes Linha 07 Modelo 15,Lubrificantes,Linha 5,MaxParts,UN,23.9100,38.5400,0.3797,7,B,Ativo,2023-06-07
106,VOL-00106,Iluminação Linha 08 Modelo 01,Iluminação,Linha 1,MaxParts,UN,24.7000,29.4900,0.1624,45,B,Ativo,2023-10-29
107,VOL-00107,Manutenção Linha 08 Modelo 02,Manutenção,Linha 2,MaxParts,UN,105.5800,143.9400,0.2665,24,B,Ativo,2023-03-17
108,VOL-00108,Baterias Linha 08 Modelo 03,Baterias,Linha 3,Mobilis,UN,729.7800,1022.4800,0.2863,25,A,Ativo,2023-09-21
109,VOL-00109,Baterias Linha 08 Modelo 04,Baterias,Linha 4,Voltix,UN,245.4800,302.6000,0.1887,45,C,Ativo,2023-01-21
110,VOL-00110,Filtros Linha 08 Modelo 05,Filtros,Linha 5,MaxParts,UN,42.1600,66.1500,0.3627,37,C,Ativo,2023-10-07
111,VOL-00111,Baterias Linha 08 Modelo 06,Baterias,Linha 1,MaxParts,UN,601.6700,966.6100,0.3775,10,B,Ativo,2023-12-11
112,VOL-00112,Filtros Linha 08 Modelo 07,Filtros,Linha 2,MaxParts,UN,41.3900,57.5500,0.2807,10,C,Ativo,2023-07-04
113,VOL-00113,Baterias Linha 08 Modelo 08,Baterias,Linha 3,Mobilis,UN,287.2500,372.4600,0.2288,16,C,Ativo,2026-04-01
114,VOL-00114,Lubrificantes Linha 08 Modelo 09,Lubrificantes,Linha 4,Forte,UN,34.1000,41.7500,0.1832,34,A,Ativo,2025-02-08
115,VOL-00115,Manutenção Linha 08 Modelo 10,Manutenção,Linha 5,Tork,UN,80.7700,97.0400,0.1677,16,B,Ativo,2023-05-02
116,VOL-00116,Lubrificantes Linha 08 Modelo 11,Lubrificantes,Linha 1,Autoline,UN,88.6400,112.2200,0.2101,41,C,Ativo,2024-12-14
117,VOL-00117,Acessórios Linha 08 Modelo 12,Acessórios,Linha 2,Autoline,UN,54.5400,84.8100,0.3569,13,C,Ativo,2023-05-06
118,VOL-00118,Iluminação Linha 08 Modelo 13,Iluminação,Linha 3,Mobilis,UN,34.9600,53.1400,0.3420,18,A,Ativo,2023-12-23
119,VOL-00119,Lubrificantes Linha 08 Modelo 14,Lubrificantes,Linha 4,MaxParts,UN,107.3900,133.5800,0.1961,18,C,Ativo,2023-02-09
120,VOL-00120,Baterias Linha 08 Modelo 15,Baterias,Linha 5,Tork,UN,297.4800,371.7900,0.1999,7,A,Ativo,2024-07-01
121,VOL-00121,Elétrica Linha 09 Modelo 01,Elétrica,Linha 1,Mobilis,UN,91.7000,128.7000,0.2875,50,C,Ativo,2026-02-08
122,VOL-00122,Baterias Linha 09 Modelo 02,Baterias,Linha 2,Mobilis,UN,233.6700,310.2900,0.2469,45,C,Ativo,2026-04-24
123,VOL-00123,Manutenção Linha 09 Modelo 03,Manutenção,Linha 3,Voltix,UN,115.7700,141.9600,0.1845,41,C,Ativo,2023-09-20
124,VOL-00124,Acessórios Linha 09 Modelo 04,Acessórios,Linha 4,Autoline,UN,103.9300,154.5600,0.3276,46,C,Ativo,2024-05-25
125,VOL-00125,Elétrica Linha 09 Modelo 05,Elétrica,Linha 5,Tork,UN,228.2200,333.2500,0.3151,19,A,Ativo,2026-05-20
126,VOL-00126,Baterias Linha 09 Modelo 06,Baterias,Linha 1,Voltix,UN,314.7300,412.6300,0.2372,44,A,Ativo,2025-07-16
127,VOL-00127,Manutenção Linha 09 Modelo 07,Manutenção,Linha 2,Tork,UN,31.7300,39.9100,0.2049,5,B,Ativo,2025-05-28
128,VOL-00128,Lubrificantes Linha 09 Modelo 08,Lubrificantes,Linha 3,MaxParts,UN,53.6400,79.1200,0.3221,13,C,Ativo,2026-03-16
129,VOL-00129,Palhetas Linha 09 Modelo 09,Palhetas,Linha 4,Forte,UN,38.7100,53.9000,0.2817,27,B,Ativo,2024-11-13
130,VOL-00130,Filtros Linha 09 Modelo 10,Filtros,Linha 5,Tork,UN,25.3500,35.6900,0.2898,17,C,Ativo,2023-04-15
131,VOL-00131,Acessórios Linha 09 Modelo 11,Acessórios,Linha 1,Autoline,UN,73.2800,90.5200,0.1904,49,C,Ativo,2023-07-13
132,VOL-00132,Acessórios Linha 09 Modelo 12,Acessórios,Linha 2,Forte,UN,119.3300,162.3000,0.2647,45,C,Ativo,2023-06-21
133,VOL-00133,Filtros Linha 09 Modelo 13,Filtros,Linha 3,Mobilis,UN,36.4000,45.1300,0.1935,37,B,Ativo,2023-01-05
134,VOL-00134,Baterias Linha 09 Modelo 14,Baterias,Linha 4,Tork,UN,298.8600,392.2600,0.2381,13,C,Ativo,2023-02-12
135,VOL-00135,Baterias Linha 09 Modelo 15,Baterias,Linha 5,Tork,UN,440.4800,564.9900,0.2204,35,C,Ativo,2025-12-09
136,VOL-00136,Baterias Linha 10 Modelo 01,Baterias,Linha 1,Autoline,UN,558.0100,688.2500,0.1892,46,C,Ativo,2023-11-28
137,VOL-00137,Baterias Linha 10 Modelo 02,Baterias,Linha 2,Forte,UN,342.2600,500.4400,0.3161,16,B,Ativo,2025-11-27
138,VOL-00138,Acessórios Linha 10 Modelo 03,Acessórios,Linha 3,Mobilis,UN,62.6700,80.2200,0.2187,11,C,Ativo,2026-03-12
139,VOL-00139,Iluminação Linha 10 Modelo 04,Iluminação,Linha 4,Voltix,UN,12.0300,16.4200,0.2673,2,C,Ativo,2025-09-04
140,VOL-00140,Baterias Linha 10 Modelo 05,Baterias,Linha 5,Autoline,UN,313.0900,505.3000,0.3804,36,B,Ativo,2023-03-31
141,VOL-00141,Elétrica Linha 10 Modelo 06,Elétrica,Linha 1,Voltix,UN,130.0800,159.3800,0.1838,10,A,Ativo,2024-05-04
142,VOL-00142,Baterias Linha 10 Modelo 07,Baterias,Linha 2,MaxParts,UN,252.9500,377.7500,0.3304,26,B,Ativo,2025-01-15
143,VOL-00143,Iluminação Linha 10 Modelo 08,Iluminação,Linha 3,Autoline,UN,63.0600,100.8400,0.3747,40,C,Ativo,2025-03-12
144,VOL-00144,Elétrica Linha 10 Modelo 09,Elétrica,Linha 4,Autoline,UN,120.5300,191.0800,0.3692,35,B,Ativo,2026-01-15
145,VOL-00145,Baterias Linha 10 Modelo 10,Baterias,Linha 5,Mobilis,UN,309.8400,377.2300,0.1787,15,A,Ativo,2026-06-14
146,VOL-00146,Lubrificantes Linha 10 Modelo 11,Lubrificantes,Linha 1,Mobilis,UN,55.1700,81.7100,0.3248,21,C,Ativo,2023-02-17
147,VOL-00147,Palhetas Linha 10 Modelo 12,Palhetas,Linha 2,Tork,UN,104.5600,168.4600,0.3793,6,C,Lançamento,2026-03-20
148,VOL-00148,Lubrificantes Linha 10 Modelo 13,Lubrificantes,Linha 3,Tork,UN,117.3200,148.8800,0.2120,26,C,Ativo,2024-05-02
149,VOL-00149,Baterias Linha 10 Modelo 14,Baterias,Linha 4,Voltix,UN,249.3400,359.1700,0.3058,47,C,Ativo,2026-05-22
150,VOL-00150,Baterias Linha 10 Modelo 15,Baterias,Linha 5,MaxParts,UN,240.7700,365.2100,0.3407,42,B,Ativo,2026-01-29
151,VOL-00151,Acessórios Linha 11 Modelo 01,Acessórios,Linha 1,Mobilis,UN,80.1800,105.3400,0.2389,10,C,Ativo,2025-09-19
152,VOL-00152,Iluminação Linha 11 Modelo 02,Iluminação,Linha 2,MaxParts,UN,37.1700,46.3400,0.1978,9,C,Ativo,2026-06-06
153,VOL-00153,Filtros Linha 11 Modelo 03,Filtros,Linha 3,Forte,UN,19.1200,24.1100,0.2069,21,B,Ativo,2023-04-12
154,VOL-00154,Palhetas Linha 11 Modelo 04,Palhetas,Linha 4,Forte,UN,53.3300,63.7600,0.1635,14,C,Ativo,2024-05-04
155,VOL-00155,Iluminação Linha 11 Modelo 05,Iluminação,Linha 5,Mobilis,UN,39.5500,48.6300,0.1866,44,B,Ativo,2026-06-05
156,VOL-00156,Lubrificantes Linha 11 Modelo 06,Lubrificantes,Linha 1,MaxParts,UN,24.7400,35.6700,0.3064,7,A,Ativo,2024-02-11
157,VOL-00157,Elétrica Linha 11 Modelo 07,Elétrica,Linha 2,Autoline,UN,73.9500,97.8000,0.2439,25,C,Ativo,2023-05-28
158,VOL-00158,Iluminação Linha 11 Modelo 08,Iluminação,Linha 3,Tork,UN,17.7600,22.0600,0.1947,41,A,Ativo,2026-03-05
159,VOL-00159,Baterias Linha 11 Modelo 09,Baterias,Linha 4,MaxParts,UN,231.6400,297.8400,0.2223,1,C,Ativo,2024-02-04
160,VOL-00160,Palhetas Linha 11 Modelo 10,Palhetas,Linha 5,Autoline,UN,23.1700,30.5300,0.2409,6,B,Ativo,2024-10-27
161,VOL-00161,Acessórios Linha 11 Modelo 11,Acessórios,Linha 1,Forte,UN,79.2900,113.9300,0.3040,42,A,Ativo,2025-08-18
162,VOL-00162,Iluminação Linha 11 Modelo 12,Iluminação,Linha 2,Forte,UN,27.7400,37.1100,0.2526,12,A,Ativo,2024-04-06
163,VOL-00163,Iluminação Linha 11 Modelo 13,Iluminação,Linha 3,Voltix,UN,13.3500,16.8800,0.2093,15,C,Ativo,2024-12-02
164,VOL-00164,Filtros Linha 11 Modelo 14,Filtros,Linha 4,Voltix,UN,19.7900,23.3800,0.1534,37,B,Ativo,2024-02-26
165,VOL-00165,Acessórios Linha 11 Modelo 15,Acessórios,Linha 5,MaxParts,UN,32.6900,43.0100,0.2399,6,C,Ativo,2024-09-13
166,VOL-00166,Lubrificantes Linha 12 Modelo 01,Lubrificantes,Linha 1,Forte,UN,119.5200,164.0700,0.2715,24,C,Ativo,2023-09-09
167,VOL-00167,Lubrificantes Linha 12 Modelo 02,Lubrificantes,Linha 2,Forte,UN,57.5800,70.8900,0.1877,12,C,Descontinuado,2023-01-22
168,VOL-00168,Baterias Linha 12 Modelo 03,Baterias,Linha 3,Autoline,UN,255.8100,326.9800,0.2176,50,B,Ativo,2024-05-25
169,VOL-00169,Lubrificantes Linha 12 Modelo 04,Lubrificantes,Linha 4,MaxParts,UN,77.3300,106.8500,0.2762,11,B,Ativo,2023-03-31
170,VOL-00170,Lubrificantes Linha 12 Modelo 05,Lubrificantes,Linha 5,MaxParts,UN,112.1800,153.7300,0.2703,43,A,Ativo,2023-11-27
171,VOL-00171,Lubrificantes Linha 12 Modelo 06,Lubrificantes,Linha 1,Tork,UN,46.2000,69.4800,0.3350,31,A,Ativo,2024-03-21
172,VOL-00172,Palhetas Linha 12 Modelo 07,Palhetas,Linha 2,Autoline,UN,38.7100,50.8000,0.2381,3,C,Descontinuado,2024-11-28
173,VOL-00173,Elétrica Linha 12 Modelo 08,Elétrica,Linha 3,Voltix,UN,125.1300,160.3400,0.2196,44,C,Ativo,2025-07-28
174,VOL-00174,Acessórios Linha 12 Modelo 09,Acessórios,Linha 4,Voltix,UN,93.0500,144.4500,0.3558,50,A,Ativo,2024-01-24
175,VOL-00175,Baterias Linha 12 Modelo 10,Baterias,Linha 5,MaxParts,UN,555.7200,798.6300,0.3042,4,B,Ativo,2023-07-10
176,VOL-00176,Lubrificantes Linha 12 Modelo 11,Lubrificantes,Linha 1,MaxParts,UN,78.8300,102.2900,0.2293,4,C,Ativo,2025-12-04
177,VOL-00177,Acessórios Linha 12 Modelo 12,Acessórios,Linha 2,Tork,UN,34.9800,51.4500,0.3202,14,B,Ativo,2023-12-16
178,VOL-00178,Baterias Linha 12 Modelo 13,Baterias,Linha 3,Autoline,UN,412.4900,513.3800,0.1965,46,C,Ativo,2025-08-11
179,VOL-00179,Lubrificantes Linha 12 Modelo 14,Lubrificantes,Linha 4,Autoline,UN,80.1100,116.8000,0.3141,33,C,Ativo,2025-04-05
180,VOL-00180,Baterias Linha 12 Modelo 15,Baterias,Linha 5,Voltix,UN,211.7900,292.9700,0.2771,14,C,Ativo,2024-10-01
181,VOL-00181,Acessórios Linha 13 Modelo 01,Acessórios,Linha 1,Tork,UN,93.9100,143.8400,0.3472,46,B,Ativo,2024-09-20
182,VOL-00182,Lubrificantes Linha 13 Modelo 02,Lubrificantes,Linha 2,Tork,UN,32.4200,38.8100,0.1646,21,B,Ativo,2023-12-18
183,VOL-00183,Filtros Linha 13 Modelo 03,Filtros,Linha 3,Forte,UN,24.6800,29.7900,0.1716,46,C,Ativo,2023-11-24
184,VOL-00184,Filtros Linha 13 Modelo 04,Filtros,Linha 4,Tork,UN,18.9200,23.0800,0.1802,29,C,Ativo,2024-06-14
185,VOL-00185,Palhetas Linha 13 Modelo 05,Palhetas,Linha 5,Tork,UN,32.3100,45.2500,0.2859,17,A,Ativo,2023-07-26
186,VOL-00186,Lubrificantes Linha 13 Modelo 06,Lubrificantes,Linha 1,Tork,UN,83.7600,103.0000,0.1868,26,B,Ativo,2023-04-11
187,VOL-00187,Acessórios Linha 13 Modelo 07,Acessórios,Linha 2,Forte,UN,87.7800,132.3200,0.3366,16,A,Ativo,2023-09-21
188,VOL-00188,Baterias Linha 13 Modelo 08,Baterias,Linha 3,Voltix,UN,386.2500,564.8700,0.3162,17,B,Ativo,2026-02-07
189,VOL-00189,Iluminação Linha 13 Modelo 09,Iluminação,Linha 4,Tork,UN,50.3200,74.2200,0.3220,6,A,Ativo,2023-02-03
190,VOL-00190,Iluminação Linha 13 Modelo 10,Iluminação,Linha 5,Forte,UN,49.2700,59.3400,0.1698,2,C,Ativo,2024-10-14
191,VOL-00191,Elétrica Linha 13 Modelo 11,Elétrica,Linha 1,Autoline,UN,107.7500,129.2300,0.1663,44,C,Ativo,2023-10-08
192,VOL-00192,Acessórios Linha 13 Modelo 12,Acessórios,Linha 2,Tork,UN,51.5100,69.9400,0.2636,29,C,Ativo,2025-01-07
193,VOL-00193,Palhetas Linha 13 Modelo 13,Palhetas,Linha 3,Forte,UN,46.9800,66.0300,0.2884,5,C,Ativo,2023-03-22
194,VOL-00194,Filtros Linha 13 Modelo 14,Filtros,Linha 4,Forte,UN,23.4800,34.7100,0.3236,9,C,Ativo,2023-02-05
195,VOL-00195,Lubrificantes Linha 13 Modelo 15,Lubrificantes,Linha 5,Mobilis,UN,63.9000,89.5800,0.2867,16,A,Ativo,2023-07-29
196,VOL-00196,Lubrificantes Linha 14 Modelo 01,Lubrificantes,Linha 1,MaxParts,UN,32.9700,41.8600,0.2123,24,A,Ativo,2025-04-29
197,VOL-00197,Lubrificantes Linha 14 Modelo 02,Lubrificantes,Linha 2,Forte,UN,131.4100,160.3300,0.1804,18,B,Ativo,2023-08-30
198,VOL-00198,Palhetas Linha 14 Modelo 03,Palhetas,Linha 3,Forte,UN,24.5500,34.9400,0.2973,22,C,Descontinuado,2024-01-01
199,VOL-00199,Palhetas Linha 14 Modelo 04,Palhetas,Linha 4,Autoline,UN,26.2900,39.3700,0.3324,20,C,Ativo,2024-03-14
200,VOL-00200,Iluminação Linha 14 Modelo 05,Iluminação,Linha 5,Tork,UN,29.5900,46.8700,0.3687,13,B,Ativo,2023-07-06
201,VOL-00201,Elétrica Linha 14 Modelo 06,Elétrica,Linha 1,Voltix,UN,130.9100,155.0100,0.1554,10,C,Ativo,2026-07-08
202,VOL-00202,Baterias Linha 14 Modelo 07,Baterias,Linha 2,Mobilis,UN,404.8700,552.9700,0.2678,12,C,Ativo,2024-04-01
203,VOL-00203,Acessórios Linha 14 Modelo 08,Acessórios,Linha 3,Forte,UN,48.9000,58.1700,0.1593,42,C,Lançamento,2026-04-02
204,VOL-00204,Filtros Linha 14 Modelo 09,Filtros,Linha 4,MaxParts,UN,24.5400,29.0500,0.1552,22,B,Ativo,2024-10-27
205,VOL-00205,Manutenção Linha 14 Modelo 10,Manutenção,Linha 5,Autoline,UN,51.9300,66.6800,0.2213,18,C,Ativo,2025-02-26
206,VOL-00206,Lubrificantes Linha 14 Modelo 11,Lubrificantes,Linha 1,MaxParts,UN,61.6000,80.8500,0.2381,28,A,Ativo,2025-06-12
207,VOL-00207,Acessórios Linha 14 Modelo 12,Acessórios,Linha 2,Mobilis,UN,144.8200,192.0500,0.2459,9,C,Descontinuado,2026-05-25
208,VOL-00208,Elétrica Linha 14 Modelo 13,Elétrica,Linha 3,Autoline,UN,284.7200,377.0000,0.2448,18,A,Ativo,2024-03-04
209,VOL-00209,Acessórios Linha 14 Modelo 14,Acessórios,Linha 4,Forte,UN,50.2600,62.6100,0.1974,19,C,Ativo,2024-07-21
210,VOL-00210,Palhetas Linha 14 Modelo 15,Palhetas,Linha 5,Tork,UN,41.8900,62.7200,0.3320,22,C,Ativo,2024-07-22
211,VOL-00211,Filtros Linha 15 Modelo 01,Filtros,Linha 1,Autoline,UN,25.4000,33.6500,0.2452,27,C,Ativo,2024-12-08
212,VOL-00212,Baterias Linha 15 Modelo 02,Baterias,Linha 2,Autoline,UN,222.5900,262.3800,0.1517,5,B,Ativo,2023-08-06
213,VOL-00213,Manutenção Linha 15 Modelo 03,Manutenção,Linha 3,MaxParts,UN,48.5800,66.0200,0.2640,37,A,Descontinuado,2024-09-12
214,VOL-00214,Manutenção Linha 15 Modelo 04,Manutenção,Linha 4,Forte,UN,72.0900,96.9500,0.2565,27,C,Ativo,2026-07-21
215,VOL-00215,Iluminação Linha 15 Modelo 05,Iluminação,Linha 5,Autoline,UN,41.9100,50.9400,0.1772,19,B,Ativo,2025-01-20
216,VOL-00216,Acessórios Linha 15 Modelo 06,Acessórios,Linha 1,Voltix,UN,64.4300,77.4900,0.1685,17,A,Ativo,2023-09-16
217,VOL-00217,Lubrificantes Linha 15 Modelo 07,Lubrificantes,Linha 2,Forte,UN,105.0400,126.7700,0.1714,30,B,Ativo,2026-07-02
218,VOL-00218,Filtros Linha 15 Modelo 08,Filtros,Linha 3,Tork,UN,41.4000,61.9100,0.3313,39,C,Ativo,2024-04-08
219,VOL-00219,Filtros Linha 15 Modelo 09,Filtros,Linha 4,MaxParts,UN,37.3100,45.8500,0.1864,39,B,Ativo,2026-06-07
220,VOL-00220,Lubrificantes Linha 15 Modelo 10,Lubrificantes,Linha 5,Forte,UN,108.3100,142.1800,0.2382,32,B,Ativo,2025-07-02
221,VOL-00221,Elétrica Linha 15 Modelo 11,Elétrica,Linha 1,Tork,UN,108.2700,170.0500,0.3633,23,C,Ativo,2023-09-20
222,VOL-00222,Lubrificantes Linha 15 Modelo 12,Lubrificantes,Linha 2,Mobilis,UN,65.2400,91.0800,0.2837,3,A,Ativo,2025-08-31
223,VOL-00223,Lubrificantes Linha 15 Modelo 13,Lubrificantes,Linha 3,Tork,UN,80.2200,113.1000,0.2907,47,B,Ativo,2026-02-24
224,VOL-00224,Elétrica Linha 15 Modelo 14,Elétrica,Linha 4,Voltix,UN,133.8200,159.1000,0.1589,46,C,Ativo,2025-06-07
225,VOL-00225,Baterias Linha 15 Modelo 15,Baterias,Linha 5,Voltix,UN,130.9600,177.1100,0.2605,37,B,Ativo,2025-09-04
226,VOL-00226,Baterias Linha 16 Modelo 01,Baterias,Linha 1,Mobilis,UN,487.6600,769.2300,0.3660,21,C,Ativo,2025-06-25
227,VOL-00227,Filtros Linha 16 Modelo 02,Filtros,Linha 2,Forte,UN,47.8400,71.7700,0.3334,13,A,Ativo,2023-10-23
228,VOL-00228,Palhetas Linha 16 Modelo 03,Palhetas,Linha 3,Voltix,UN,36.4900,48.2800,0.2442,19,C,Ativo,2024-09-19
229,VOL-00229,Palhetas Linha 16 Modelo 04,Palhetas,Linha 4,Forte,UN,58.2000,76.6400,0.2405,42,A,Ativo,2024-09-05
230,VOL-00230,Elétrica Linha 16 Modelo 05,Elétrica,Linha 5,Mobilis,UN,156.7300,251.9800,0.3780,15,B,Ativo,2025-08-25
231,VOL-00231,Filtros Linha 16 Modelo 06,Filtros,Linha 1,Voltix,UN,55.9600,85.9500,0.3489,39,C,Ativo,2023-06-05
232,VOL-00232,Filtros Linha 16 Modelo 07,Filtros,Linha 2,Mobilis,UN,22.6300,30.7900,0.2648,22,A,Ativo,2024-07-09
233,VOL-00233,Baterias Linha 16 Modelo 08,Baterias,Linha 3,Mobilis,UN,456.4400,618.4500,0.2620,14,C,Ativo,2023-02-10
234,VOL-00234,Elétrica Linha 16 Modelo 09,Elétrica,Linha 4,MaxParts,UN,92.4100,123.1500,0.2496,17,C,Descontinuado,2025-08-09
235,VOL-00235,Lubrificantes Linha 16 Modelo 10,Lubrificantes,Linha 5,Voltix,UN,92.9000,113.6100,0.1822,45,C,Ativo,2026-05-26
236,VOL-00236,Acessórios Linha 16 Modelo 11,Acessórios,Linha 1,MaxParts,UN,74.7400,93.3100,0.1990,29,B,Ativo,2025-12-08
237,VOL-00237,Filtros Linha 16 Modelo 12,Filtros,Linha 2,Voltix,UN,26.8100,34.0500,0.2127,47,B,Ativo,2024-04-16
238,VOL-00238,Elétrica Linha 16 Modelo 13,Elétrica,Linha 3,Voltix,UN,105.0900,146.8800,0.2845,30,C,Ativo,2025-09-17
239,VOL-00239,Filtros Linha 16 Modelo 14,Filtros,Linha 4,Voltix,UN,68.6600,90.6200,0.2423,1,B,Ativo,2024-01-30
240,VOL-00240,Lubrificantes Linha 16 Modelo 15,Lubrificantes,Linha 5,Forte,UN,46.0700,58.6700,0.2148,1,B,Ativo,2026-06-23
241,VOL-00241,Manutenção Linha 17 Modelo 01,Manutenção,Linha 1,Autoline,UN,108.6600,138.3500,0.2146,13,B,Ativo,2024-06-28
242,VOL-00242,Lubrificantes Linha 17 Modelo 02,Lubrificantes,Linha 2,Mobilis,UN,69.8300,111.3700,0.3730,26,C,Ativo,2024-05-20
243,VOL-00243,Elétrica Linha 17 Modelo 03,Elétrica,Linha 3,Autoline,UN,97.5300,125.3300,0.2218,34,B,Lançamento,2026-04-09
244,VOL-00244,Iluminação Linha 17 Modelo 04,Iluminação,Linha 4,Tork,UN,40.5900,56.4400,0.2808,31,A,Descontinuado,2024-12-24
245,VOL-00245,Elétrica Linha 17 Modelo 05,Elétrica,Linha 5,Voltix,UN,71.8200,107.6000,0.3326,21,A,Ativo,2025-02-09
246,VOL-00246,Elétrica Linha 17 Modelo 06,Elétrica,Linha 1,Mobilis,UN,51.8000,70.4300,0.2645,34,B,Ativo,2024-06-27
247,VOL-00247,Acessórios Linha 17 Modelo 07,Acessórios,Linha 2,Mobilis,UN,43.5000,65.4400,0.3352,37,C,Ativo,2026-02-09
248,VOL-00248,Baterias Linha 17 Modelo 08,Baterias,Linha 3,Forte,UN,346.6700,448.7600,0.2275,30,C,Ativo,2023-02-14
249,VOL-00249,Elétrica Linha 17 Modelo 09,Elétrica,Linha 4,Forte,UN,150.7900,225.3700,0.3309,11,B,Ativo,2026-02-17
250,VOL-00250,Filtros Linha 17 Modelo 10,Filtros,Linha 5,MaxParts,UN,40.1000,52.6800,0.2388,25,B,Ativo,2024-01-08
251,VOL-00251,Lubrificantes Linha 17 Modelo 11,Lubrificantes,Linha 1,Voltix,UN,71.6000,88.0000,0.1864,3,B,Ativo,2025-06-24
252,VOL-00252,Iluminação Linha 17 Modelo 12,Iluminação,Linha 2,MaxParts,UN,25.1100,37.8700,0.3368,27,B,Ativo,2023-05-26
253,VOL-00253,Palhetas Linha 17 Modelo 13,Palhetas,Linha 3,Voltix,UN,58.7000,85.4700,0.3132,32,A,Ativo,2025-02-28
254,VOL-00254,Filtros Linha 17 Modelo 14,Filtros,Linha 4,Voltix,UN,34.3900,49.6500,0.3073,9,C,Ativo,2024-02-08
255,VOL-00255,Lubrificantes Linha 17 Modelo 15,Lubrificantes,Linha 5,Autoline,UN,146.8100,239.0500,0.3859,19,A,Ativo,2024-07-01
256,VOL-00256,Elétrica Linha 18 Modelo 01,Elétrica,Linha 1,Forte,UN,81.9600,112.0000,0.2682,14,C,Ativo,2024-01-15
257,VOL-00257,Elétrica Linha 18 Modelo 02,Elétrica,Linha 2,Voltix,UN,154.5300,213.2100,0.2752,32,B,Ativo,2024-10-03
258,VOL-00258,Iluminação Linha 18 Modelo 03,Iluminação,Linha 3,Autoline,UN,47.4400,61.3900,0.2273,8,C,Ativo,2024-06-12
259,VOL-00259,Baterias Linha 18 Modelo 04,Baterias,Linha 4,Autoline,UN,317.1400,506.4200,0.3738,24,C,Ativo,2026-05-14
260,VOL-00260,Baterias Linha 18 Modelo 05,Baterias,Linha 5,Tork,UN,159.8000,222.6300,0.2822,15,C,Ativo,2026-02-25
261,VOL-00261,Lubrificantes Linha 18 Modelo 06,Lubrificantes,Linha 1,Voltix,UN,51.3800,62.1800,0.1736,9,C,Ativo,2026-01-28
262,VOL-00262,Lubrificantes Linha 18 Modelo 07,Lubrificantes,Linha 2,Voltix,UN,173.0500,228.6300,0.2431,7,B,Descontinuado,2023-03-20
263,VOL-00263,Baterias Linha 18 Modelo 08,Baterias,Linha 3,Forte,UN,216.4300,313.7200,0.3101,43,C,Ativo,2024-02-04
264,VOL-00264,Elétrica Linha 18 Modelo 09,Elétrica,Linha 4,Autoline,UN,106.6500,131.5100,0.1890,4,C,Ativo,2024-08-20
265,VOL-00265,Manutenção Linha 18 Modelo 10,Manutenção,Linha 5,Forte,UN,72.9400,90.9200,0.1978,40,C,Ativo,2024-06-21
266,VOL-00266,Elétrica Linha 18 Modelo 11,Elétrica,Linha 1,Autoline,UN,54.1500,87.8300,0.3835,24,A,Descontinuado,2023-04-30
267,VOL-00267,Acessórios Linha 18 Modelo 12,Acessórios,Linha 2,Forte,UN,31.3500,42.0500,0.2543,26,C,Ativo,2023-11-12
268,VOL-00268,Filtros Linha 18 Modelo 13,Filtros,Linha 3,Tork,UN,49.3300,65.3400,0.2450,44,C,Ativo,2024-06-15
269,VOL-00269,Baterias Linha 18 Modelo 14,Baterias,Linha 4,Voltix,UN,211.8300,251.2900,0.1571,41,C,Ativo,2024-12-10
270,VOL-00270,Baterias Linha 18 Modelo 15,Baterias,Linha 5,Tork,UN,426.7400,503.7500,0.1529,4,C,Ativo,2024-03-21
271,VOL-00271,Iluminação Linha 19 Modelo 01,Iluminação,Linha 1,Mobilis,UN,25.9600,33.7700,0.2311,28,B,Ativo,2026-02-01
272,VOL-00272,Lubrificantes Linha 19 Modelo 02,Lubrificantes,Linha 2,Voltix,UN,58.2100,76.8500,0.2425,43,C,Ativo,2024-07-03
273,VOL-00273,Lubrificantes Linha 19 Modelo 03,Lubrificantes,Linha 3,Voltix,UN,62.4300,91.6600,0.3189,11,C,Ativo,2026-04-21
274,VOL-00274,Palhetas Linha 19 Modelo 04,Palhetas,Linha 4,MaxParts,UN,70.9400,112.5100,0.3695,49,C,Ativo,2023-02-09
275,VOL-00275,Palhetas Linha 19 Modelo 05,Palhetas,Linha 5,MaxParts,UN,40.0400,58.9500,0.3207,40,C,Ativo,2024-03-04
276,VOL-00276,Lubrificantes Linha 19 Modelo 06,Lubrificantes,Linha 1,Mobilis,UN,53.7700,87.4200,0.3849,16,C,Ativo,2025-06-23
277,VOL-00277,Filtros Linha 19 Modelo 07,Filtros,Linha 2,Forte,UN,19.9500,27.7000,0.2799,25,C,Ativo,2023-09-25
278,VOL-00278,Filtros Linha 19 Modelo 08,Filtros,Linha 3,Mobilis,UN,40.6700,59.4300,0.3156,7,C,Ativo,2024-11-08
279,VOL-00279,Elétrica Linha 19 Modelo 09,Elétrica,Linha 4,Tork,UN,153.6400,187.6000,0.1810,21,C,Ativo,2024-12-09
280,VOL-00280,Palhetas Linha 19 Modelo 10,Palhetas,Linha 5,Voltix,UN,39.6800,52.2200,0.2403,21,A,Ativo,2023-12-14
281,VOL-00281,Baterias Linha 19 Modelo 11,Baterias,Linha 1,Voltix,UN,291.1700,346.6900,0.1601,5,B,Ativo,2024-01-27
282,VOL-00282,Lubrificantes Linha 19 Modelo 12,Lubrificantes,Linha 2,Forte,UN,54.1400,66.4100,0.1848,11,C,Ativo,2025-02-28
283,VOL-00283,Baterias Linha 19 Modelo 13,Baterias,Linha 3,Tork,UN,505.6300,661.0700,0.2351,46,B,Ativo,2023-02-22
284,VOL-00284,Baterias Linha 19 Modelo 14,Baterias,Linha 4,Mobilis,UN,238.1500,366.8700,0.3509,36,C,Ativo,2023-04-19
285,VOL-00285,Palhetas Linha 19 Modelo 15,Palhetas,Linha 5,MaxParts,UN,29.8400,35.2500,0.1534,27,C,Ativo,2023-05-29
286,VOL-00286,Elétrica Linha 20 Modelo 01,Elétrica,Linha 1,Autoline,UN,99.6500,140.1800,0.2891,25,A,Ativo,2026-04-30
287,VOL-00287,Lubrificantes Linha 20 Modelo 02,Lubrificantes,Linha 2,Mobilis,UN,64.8500,92.7900,0.3011,47,C,Ativo,2023-05-12
288,VOL-00288,Palhetas Linha 20 Modelo 03,Palhetas,Linha 3,Mobilis,UN,27.6800,36.8800,0.2494,7,C,Ativo,2023-01-28
289,VOL-00289,Palhetas Linha 20 Modelo 04,Palhetas,Linha 4,Tork,UN,63.4300,95.7100,0.3373,50,A,Ativo,2024-08-02
290,VOL-00290,Lubrificantes Linha 20 Modelo 05,Lubrificantes,Linha 5,Tork,UN,25.4600,30.5900,0.1678,6,C,Lançamento,2026-01-19
291,VOL-00291,Baterias Linha 20 Modelo 06,Baterias,Linha 1,MaxParts,UN,175.0200,227.8900,0.2320,46,C,Ativo,2024-09-10
292,VOL-00292,Lubrificantes Linha 20 Modelo 07,Lubrificantes,Linha 2,Mobilis,UN,56.8100,93.0000,0.3892,32,B,Ativo,2024-07-09
293,VOL-00293,Lubrificantes Linha 20 Modelo 08,Lubrificantes,Linha 3,Mobilis,UN,32.3100,38.9900,0.1714,11,C,Ativo,2023-01-27
294,VOL-00294,Lubrificantes Linha 20 Modelo 09,Lubrificantes,Linha 4,Forte,UN,40.2800,56.6200,0.2885,21,A,Ativo,2023-04-04
295,VOL-00295,Baterias Linha 20 Modelo 10,Baterias,Linha 5,Mobilis,UN,268.0500,339.8100,0.2112,22,A,Ativo,2023-09-07
296,VOL-00296,Acessórios Linha 20 Modelo 11,Acessórios,Linha 1,MaxParts,UN,72.9100,89.0100,0.1809,35,C,Ativo,2024-04-04
297,VOL-00297,Lubrificantes Linha 20 Modelo 12,Lubrificantes,Linha 2,MaxParts,UN,47.2400,63.4700,0.2557,37,A,Ativo,2025-10-30
298,VOL-00298,Lubrificantes Linha 20 Modelo 13,Lubrificantes,Linha 3,Autoline,UN,42.6600,64.1500,0.3350,44,A,Ativo,2024-05-13
299,VOL-00299,Palhetas Linha 20 Modelo 14,Palhetas,Linha 4,Voltix,UN,35.9500,45.8900,0.2166,6,C,Ativo,2024-09-12
300,VOL-00300,Palhetas Linha 20 Modelo 15,Palhetas,Linha 5,Mobilis,UN,25.0700,30.3600,0.1742,10,C,Ativo,2024-05-17
301,VOL-00301,Palhetas Linha 21 Modelo 01,Palhetas,Linha 1,Mobilis,UN,42.5100,53.4100,0.2041,44,A,Ativo,2023-11-18
302,VOL-00302,Palhetas Linha 21 Modelo 02,Palhetas,Linha 2,Mobilis,UN,48.4300,78.4300,0.3825,16,C,Ativo,2025-05-09
303,VOL-00303,Baterias Linha 21 Modelo 03,Baterias,Linha 3,MaxParts,UN,375.3000,443.5200,0.1538,23,C,Ativo,2025-05-13
304,VOL-00304,Elétrica Linha 21 Modelo 04,Elétrica,Linha 4,Tork,UN,118.9600,141.6000,0.1599,22,B,Ativo,2023-11-14
305,VOL-00305,Baterias Linha 21 Modelo 05,Baterias,Linha 5,Autoline,UN,222.2300,286.5700,0.2245,46,B,Ativo,2026-06-10
306,VOL-00306,Baterias Linha 21 Modelo 06,Baterias,Linha 1,Autoline,UN,658.2000,912.5800,0.2788,7,C,Ativo,2023-03-11
307,VOL-00307,Iluminação Linha 21 Modelo 07,Iluminação,Linha 2,Autoline,UN,27.4900,34.7900,0.2098,39,C,Ativo,2023-03-03
308,VOL-00308,Iluminação Linha 21 Modelo 08,Iluminação,Linha 3,Tork,UN,60.3900,86.5500,0.3023,25,C,Ativo,2025-05-05
309,VOL-00309,Baterias Linha 21 Modelo 09,Baterias,Linha 4,Tork,UN,271.7400,440.5100,0.3831,17,B,Ativo,2024-12-27
310,VOL-00310,Baterias Linha 21 Modelo 10,Baterias,Linha 5,MaxParts,UN,158.0600,214.9300,0.2646,46,C,Ativo,2024-04-05
311,VOL-00311,Iluminação Linha 21 Modelo 11,Iluminação,Linha 1,Autoline,UN,70.8100,100.9300,0.2984,2,B,Ativo,2023-04-26
312,VOL-00312,Manutenção Linha 21 Modelo 12,Manutenção,Linha 2,Mobilis,UN,47.7700,71.1200,0.3283,40,B,Ativo,2024-09-23
313,VOL-00313,Lubrificantes Linha 21 Modelo 13,Lubrificantes,Linha 3,Autoline,UN,90.6300,131.9700,0.3133,30,C,Ativo,2023-02-25
314,VOL-00314,Manutenção Linha 21 Modelo 14,Manutenção,Linha 4,Mobilis,UN,46.0700,58.4900,0.2123,9,C,Ativo,2024-10-17
315,VOL-00315,Baterias Linha 21 Modelo 15,Baterias,Linha 5,Forte,UN,253.3900,400.6800,0.3676,5,B,Ativo,2024-12-30
316,VOL-00316,Palhetas Linha 22 Modelo 01,Palhetas,Linha 1,Voltix,UN,29.4700,39.6300,0.2564,9,B,Ativo,2023-03-23
317,VOL-00317,Lubrificantes Linha 22 Modelo 02,Lubrificantes,Linha 2,Forte,UN,24.4200,32.8500,0.2567,7,C,Descontinuado,2023-12-03
318,VOL-00318,Acessórios Linha 22 Modelo 03,Acessórios,Linha 3,Voltix,UN,144.6600,191.2100,0.2435,46,A,Ativo,2025-11-14
319,VOL-00319,Manutenção Linha 22 Modelo 04,Manutenção,Linha 4,Mobilis,UN,34.4500,45.6400,0.2451,49,C,Ativo,2023-11-30
320,VOL-00320,Elétrica Linha 22 Modelo 05,Elétrica,Linha 5,MaxParts,UN,145.7500,177.9700,0.1810,13,B,Ativo,2025-05-15
321,VOL-00321,Elétrica Linha 22 Modelo 06,Elétrica,Linha 1,Forte,UN,110.3900,177.6900,0.3787,2,C,Ativo,2024-03-21
322,VOL-00322,Palhetas Linha 22 Modelo 07,Palhetas,Linha 2,Autoline,UN,31.4900,42.4100,0.2575,35,C,Ativo,2025-12-05
323,VOL-00323,Manutenção Linha 22 Modelo 08,Manutenção,Linha 3,Forte,UN,52.3400,62.2000,0.1585,45,A,Ativo,2024-06-05
324,VOL-00324,Elétrica Linha 22 Modelo 09,Elétrica,Linha 4,Mobilis,UN,103.7500,159.5100,0.3496,31,C,Ativo,2024-05-03
325,VOL-00325,Baterias Linha 22 Modelo 10,Baterias,Linha 5,Mobilis,UN,343.3100,544.5000,0.3695,47,B,Ativo,2025-03-01
326,VOL-00326,Filtros Linha 22 Modelo 11,Filtros,Linha 1,Voltix,UN,37.6700,45.5300,0.1726,17,C,Ativo,2024-06-29
327,VOL-00327,Acessórios Linha 22 Modelo 12,Acessórios,Linha 2,Voltix,UN,86.1800,104.6800,0.1768,32,B,Ativo,2026-01-21
328,VOL-00328,Filtros Linha 22 Modelo 13,Filtros,Linha 3,Mobilis,UN,27.5600,35.9000,0.2324,4,C,Ativo,2024-04-24
329,VOL-00329,Lubrificantes Linha 22 Modelo 14,Lubrificantes,Linha 4,Mobilis,UN,109.2400,130.0400,0.1600,25,C,Ativo,2025-04-18
330,VOL-00330,Lubrificantes Linha 22 Modelo 15,Lubrificantes,Linha 5,Voltix,UN,49.3600,63.4200,0.2217,4,C,Ativo,2023-10-20
331,VOL-00331,Filtros Linha 23 Modelo 01,Filtros,Linha 1,Voltix,UN,11.7600,14.7400,0.2026,25,A,Ativo,2023-07-22
332,VOL-00332,Manutenção Linha 23 Modelo 02,Manutenção,Linha 2,Voltix,UN,39.7100,50.4000,0.2120,13,C,Ativo,2024-09-25
333,VOL-00333,Palhetas Linha 23 Modelo 03,Palhetas,Linha 3,Tork,UN,49.9400,68.5700,0.2717,4,B,Ativo,2025-02-27
334,VOL-00334,Acessórios Linha 23 Modelo 04,Acessórios,Linha 4,Forte,UN,64.3800,94.4000,0.3180,48,A,Ativo,2026-06-22
335,VOL-00335,Elétrica Linha 23 Modelo 05,Elétrica,Linha 5,Mobilis,UN,133.0900,168.0600,0.2081,38,B,Ativo,2024-07-27
336,VOL-00336,Lubrificantes Linha 23 Modelo 06,Lubrificantes,Linha 1,MaxParts,UN,35.1300,56.0500,0.3732,44,C,Ativo,2026-03-19
337,VOL-00337,Lubrificantes Linha 23 Modelo 07,Lubrificantes,Linha 2,Tork,UN,49.1700,73.6900,0.3328,4,B,Ativo,2024-11-03
338,VOL-00338,Manutenção Linha 23 Modelo 08,Manutenção,Linha 3,Mobilis,UN,43.1600,62.2000,0.3061,19,B,Descontinuado,2024-08-30
339,VOL-00339,Baterias Linha 23 Modelo 09,Baterias,Linha 4,Voltix,UN,448.3200,698.1000,0.3578,49,B,Ativo,2025-04-03
340,VOL-00340,Filtros Linha 23 Modelo 10,Filtros,Linha 5,Forte,UN,21.5600,25.4600,0.1533,45,C,Ativo,2024-12-21
341,VOL-00341,Filtros Linha 23 Modelo 11,Filtros,Linha 1,Mobilis,UN,19.8300,29.8100,0.3346,49,C,Ativo,2024-07-12
342,VOL-00342,Baterias Linha 23 Modelo 12,Baterias,Linha 2,Autoline,UN,265.5100,366.6400,0.2758,9,C,Ativo,2025-06-11
343,VOL-00343,Baterias Linha 23 Modelo 13,Baterias,Linha 3,Forte,UN,348.7200,471.6000,0.2606,32,A,Ativo,2023-12-21
344,VOL-00344,Iluminação Linha 23 Modelo 14,Iluminação,Linha 4,Autoline,UN,40.4800,55.1500,0.2660,34,A,Ativo,2025-11-22
345,VOL-00345,Filtros Linha 23 Modelo 15,Filtros,Linha 5,MaxParts,UN,33.0100,44.6000,0.2598,26,C,Ativo,2024-04-15
346,VOL-00346,Baterias Linha 24 Modelo 01,Baterias,Linha 1,Voltix,UN,458.7100,723.2400,0.3658,29,B,Ativo,2023-04-13
347,VOL-00347,Baterias Linha 24 Modelo 02,Baterias,Linha 2,Tork,UN,643.9700,1042.1100,0.3820,5,C,Ativo,2025-07-03
348,VOL-00348,Baterias Linha 24 Modelo 03,Baterias,Linha 3,Tork,UN,416.0500,558.4300,0.2550,22,C,Ativo,2023-12-08
349,VOL-00349,Lubrificantes Linha 24 Modelo 04,Lubrificantes,Linha 4,Tork,UN,40.1700,48.8600,0.1780,14,C,Ativo,2023-10-04
350,VOL-00350,Baterias Linha 24 Modelo 05,Baterias,Linha 5,Voltix,UN,473.9800,623.4900,0.2398,7,B,Ativo,2023-03-26
351,VOL-00351,Filtros Linha 24 Modelo 06,Filtros,Linha 1,Forte,UN,32.1000,38.5100,0.1664,49,A,Ativo,2023-10-04
352,VOL-00352,Manutenção Linha 24 Modelo 07,Manutenção,Linha 2,Mobilis,UN,31.6600,50.9900,0.3792,36,C,Ativo,2026-05-27
353,VOL-00353,Lubrificantes Linha 24 Modelo 08,Lubrificantes,Linha 3,Mobilis,UN,33.3200,50.1400,0.3355,46,B,Ativo,2024-11-08
354,VOL-00354,Palhetas Linha 24 Modelo 09,Palhetas,Linha 4,MaxParts,UN,24.8500,29.6500,0.1618,27,C,Ativo,2024-07-21
355,VOL-00355,Baterias Linha 24 Modelo 10,Baterias,Linha 5,Forte,UN,233.7000,281.4200,0.1696,19,C,Ativo,2023-11-16
356,VOL-00356,Baterias Linha 24 Modelo 11,Baterias,Linha 1,Autoline,UN,172.0900,242.4800,0.2903,9,B,Ativo,2023-09-12
357,VOL-00357,Baterias Linha 24 Modelo 12,Baterias,Linha 2,Tork,UN,463.8200,617.4600,0.2488,25,B,Ativo,2025-12-29
358,VOL-00358,Acessórios Linha 24 Modelo 13,Acessórios,Linha 3,Voltix,UN,53.6700,82.6300,0.3505,34,B,Ativo,2024-11-02
359,VOL-00359,Palhetas Linha 24 Modelo 14,Palhetas,Linha 4,MaxParts,UN,40.5800,48.2200,0.1585,16,C,Ativo,2023-04-03
360,VOL-00360,Baterias Linha 24 Modelo 15,Baterias,Linha 5,MaxParts,UN,295.8600,437.4800,0.3237,10,C,Descontinuado,2024-09-15
361,VOL-00361,Baterias Linha 25 Modelo 01,Baterias,Linha 1,Autoline,UN,225.1100,361.3600,0.3770,34,C,Ativo,2023-06-03
362,VOL-00362,Elétrica Linha 25 Modelo 02,Elétrica,Linha 2,Voltix,UN,64.4600,99.4800,0.3520,1,C,Ativo,2024-07-28
363,VOL-00363,Lubrificantes Linha 25 Modelo 03,Lubrificantes,Linha 3,Tork,UN,47.3800,72.6000,0.3474,17,B,Ativo,2024-10-16
364,VOL-00364,Baterias Linha 25 Modelo 04,Baterias,Linha 4,Forte,UN,248.2200,334.5500,0.2580,36,C,Ativo,2025-11-05
365,VOL-00365,Lubrificantes Linha 25 Modelo 05,Lubrificantes,Linha 5,Mobilis,UN,124.0900,198.1600,0.3738,25,B,Ativo,2025-05-14
366,VOL-00366,Baterias Linha 25 Modelo 06,Baterias,Linha 1,Forte,UN,226.9700,290.6300,0.2190,8,B,Ativo,2026-02-06
367,VOL-00367,Filtros Linha 25 Modelo 07,Filtros,Linha 2,Autoline,UN,42.9300,56.8300,0.2447,48,B,Ativo,2023-02-03
368,VOL-00368,Baterias Linha 25 Modelo 08,Baterias,Linha 3,Voltix,UN,521.9400,755.6000,0.3092,20,C,Ativo,2023-07-30
369,VOL-00369,Lubrificantes Linha 25 Modelo 09,Lubrificantes,Linha 4,Tork,UN,73.1500,100.5100,0.2722,49,A,Ativo,2025-10-30
370,VOL-00370,Filtros Linha 25 Modelo 10,Filtros,Linha 5,Forte,UN,51.5900,73.9600,0.3025,5,C,Ativo,2026-01-24
371,VOL-00371,Baterias Linha 25 Modelo 11,Baterias,Linha 1,Voltix,UN,106.8200,167.2100,0.3612,23,A,Ativo,2023-04-22
372,VOL-00372,Lubrificantes Linha 25 Modelo 12,Lubrificantes,Linha 2,Tork,UN,32.1400,42.7700,0.2484,15,A,Ativo,2024-01-09
373,VOL-00373,Baterias Linha 25 Modelo 13,Baterias,Linha 3,Tork,UN,217.0900,267.9300,0.1898,24,C,Ativo,2025-01-21
374,VOL-00374,Filtros Linha 25 Modelo 14,Filtros,Linha 4,Mobilis,UN,28.0100,44.8500,0.3755,2,C,Ativo,2025-01-04
375,VOL-00375,Palhetas Linha 25 Modelo 15,Palhetas,Linha 5,Voltix,UN,99.4600,127.8700,0.2222,26,B,Ativo,2025-08-21
376,VOL-00376,Baterias Linha 26 Modelo 01,Baterias,Linha 1,MaxParts,UN,301.7500,361.7500,0.1659,32,A,Ativo,2024-05-27
377,VOL-00377,Baterias Linha 26 Modelo 02,Baterias,Linha 2,Voltix,UN,554.0300,718.5700,0.2290,34,C,Descontinuado,2025-04-19
378,VOL-00378,Acessórios Linha 26 Modelo 03,Acessórios,Linha 3,Autoline,UN,44.1600,52.4700,0.1584,28,C,Ativo,2024-03-23
379,VOL-00379,Baterias Linha 26 Modelo 04,Baterias,Linha 4,Forte,UN,317.7700,508.6500,0.3753,30,A,Ativo,2025-03-16
380,VOL-00380,Filtros Linha 26 Modelo 05,Filtros,Linha 5,Tork,UN,47.7500,58.0600,0.1777,8,C,Ativo,2024-05-31
381,VOL-00381,Baterias Linha 26 Modelo 06,Baterias,Linha 1,MaxParts,UN,215.8700,264.3900,0.1835,15,A,Ativo,2025-09-02
382,VOL-00382,Baterias Linha 26 Modelo 07,Baterias,Linha 2,Voltix,UN,541.7000,802.2800,0.3248,24,B,Ativo,2024-07-11
383,VOL-00383,Elétrica Linha 26 Modelo 08,Elétrica,Linha 3,Autoline,UN,104.2100,136.5900,0.2371,2,C,Ativo,2024-06-12
384,VOL-00384,Lubrificantes Linha 26 Modelo 09,Lubrificantes,Linha 4,Voltix,UN,34.3800,46.7400,0.2644,34,C,Ativo,2024-05-14
385,VOL-00385,Elétrica Linha 26 Modelo 10,Elétrica,Linha 5,MaxParts,UN,80.5600,103.4100,0.2209,24,B,Ativo,2023-11-20
386,VOL-00386,Iluminação Linha 26 Modelo 11,Iluminação,Linha 1,Autoline,UN,94.2500,129.6700,0.2731,18,C,Lançamento,2026-02-07
387,VOL-00387,Filtros Linha 26 Modelo 12,Filtros,Linha 2,Autoline,UN,44.4900,69.5100,0.3599,31,B,Ativo,2026-06-29
388,VOL-00388,Palhetas Linha 26 Modelo 13,Palhetas,Linha 3,Voltix,UN,27.7200,36.1300,0.2327,6,B,Ativo,2023-12-04
389,VOL-00389,Lubrificantes Linha 26 Modelo 14,Lubrificantes,Linha 4,Mobilis,UN,56.0200,89.3900,0.3732,32,B,Ativo,2024-03-08
390,VOL-00390,Iluminação Linha 26 Modelo 15,Iluminação,Linha 5,Voltix,UN,38.4100,52.3400,0.2661,15,B,Ativo,2024-02-13
391,VOL-00391,Lubrificantes Linha 27 Modelo 01,Lubrificantes,Linha 1,Tork,UN,50.6700,73.0400,0.3063,38,B,Ativo,2023-05-20
392,VOL-00392,Acessórios Linha 27 Modelo 02,Acessórios,Linha 2,Forte,UN,48.4100,67.3200,0.2809,49,A,Ativo,2024-04-03
393,VOL-00393,Baterias Linha 27 Modelo 03,Baterias,Linha 3,Tork,UN,248.1400,298.9400,0.1699,11,A,Ativo,2026-01-05
394,VOL-00394,Lubrificantes Linha 27 Modelo 04,Lubrificantes,Linha 4,Voltix,UN,50.9100,79.7200,0.3613,44,B,Ativo,2024-04-06
395,VOL-00395,Acessórios Linha 27 Modelo 05,Acessórios,Linha 5,Autoline,UN,63.9800,99.4300,0.3565,21,C,Ativo,2025-07-20
396,VOL-00396,Iluminação Linha 27 Modelo 06,Iluminação,Linha 1,Forte,UN,26.0600,34.1400,0.2368,48,C,Ativo,2025-03-15
397,VOL-00397,Elétrica Linha 27 Modelo 07,Elétrica,Linha 2,Forte,UN,122.1400,179.5100,0.3196,45,A,Ativo,2026-04-07
398,VOL-00398,Lubrificantes Linha 27 Modelo 08,Lubrificantes,Linha 3,Forte,UN,60.7600,86.5700,0.2981,35,B,Ativo,2024-11-27
399,VOL-00399,Filtros Linha 27 Modelo 09,Filtros,Linha 4,Mobilis,UN,34.1200,49.7800,0.3145,18,C,Ativo,2023-01-26
400,VOL-00400,Elétrica Linha 27 Modelo 10,Elétrica,Linha 5,Tork,UN,85.6600,130.4400,0.3433,36,B,Ativo,2023-02-16
401,VOL-00401,Acessórios Linha 27 Modelo 11,Acessórios,Linha 1,Autoline,UN,53.1200,82.6100,0.3570,20,A,Ativo,2023-04-26
402,VOL-00402,Manutenção Linha 27 Modelo 12,Manutenção,Linha 2,Voltix,UN,120.0900,188.0100,0.3612,33,C,Ativo,2024-11-26
403,VOL-00403,Baterias Linha 27 Modelo 13,Baterias,Linha 3,MaxParts,UN,332.3500,435.8200,0.2374,14,C,Ativo,2025-02-10
404,VOL-00404,Acessórios Linha 27 Modelo 14,Acessórios,Linha 4,Forte,UN,34.2000,46.0900,0.2582,4,A,Ativo,2025-05-01
405,VOL-00405,Baterias Linha 27 Modelo 15,Baterias,Linha 5,Forte,UN,519.0800,836.2700,0.3793,1,C,Ativo,2025-02-05
406,VOL-00406,Baterias Linha 28 Modelo 01,Baterias,Linha 1,Voltix,UN,239.6300,295.4500,0.1890,29,C,Ativo,2024-06-12
407,VOL-00407,Baterias Linha 28 Modelo 02,Baterias,Linha 2,Voltix,UN,210.2100,311.8800,0.3260,40,C,Ativo,2025-01-11
408,VOL-00408,Elétrica Linha 28 Modelo 03,Elétrica,Linha 3,Autoline,UN,101.0200,160.3800,0.3701,10,C,Ativo,2024-04-19
409,VOL-00409,Lubrificantes Linha 28 Modelo 04,Lubrificantes,Linha 4,Tork,UN,120.2600,148.7800,0.1917,22,B,Ativo,2024-10-08
410,VOL-00410,Palhetas Linha 28 Modelo 05,Palhetas,Linha 5,Mobilis,UN,23.5200,37.4900,0.3727,17,C,Ativo,2026-06-01
411,VOL-00411,Baterias Linha 28 Modelo 06,Baterias,Linha 1,Mobilis,UN,256.0800,313.0000,0.1818,47,C,Ativo,2025-09-27
412,VOL-00412,Lubrificantes Linha 28 Modelo 07,Lubrificantes,Linha 2,Tork,UN,44.2700,63.6100,0.3041,5,B,Ativo,2025-07-07
413,VOL-00413,Iluminação Linha 28 Modelo 08,Iluminação,Linha 3,Forte,UN,39.6100,47.0700,0.1584,36,A,Ativo,2024-09-27
414,VOL-00414,Iluminação Linha 28 Modelo 09,Iluminação,Linha 4,Forte,UN,17.8000,27.1100,0.3436,44,C,Ativo,2024-06-14
415,VOL-00415,Palhetas Linha 28 Modelo 10,Palhetas,Linha 5,Forte,UN,55.4800,68.8700,0.1944,1,A,Ativo,2023-11-02
416,VOL-00416,Iluminação Linha 28 Modelo 11,Iluminação,Linha 1,Voltix,UN,41.6500,60.3200,0.3095,13,A,Ativo,2026-06-16
417,VOL-00417,Palhetas Linha 28 Modelo 12,Palhetas,Linha 2,Voltix,UN,84.8700,103.8800,0.1830,4,B,Ativo,2025-01-03
418,VOL-00418,Elétrica Linha 28 Modelo 13,Elétrica,Linha 3,Tork,UN,199.2500,276.2100,0.2786,33,C,Ativo,2023-02-25
419,VOL-00419,Iluminação Linha 28 Modelo 14,Iluminação,Linha 4,Voltix,UN,40.6600,49.0900,0.1717,49,C,Ativo,2024-04-01
420,VOL-00420,Elétrica Linha 28 Modelo 15,Elétrica,Linha 5,MaxParts,UN,157.3700,255.9400,0.3851,29,C,Ativo,2025-08-16
421,VOL-00421,Iluminação Linha 29 Modelo 01,Iluminação,Linha 1,MaxParts,UN,47.6500,64.0600,0.2561,42,C,Ativo,2026-05-02
422,VOL-00422,Baterias Linha 29 Modelo 02,Baterias,Linha 2,Tork,UN,133.3700,157.9900,0.1558,2,C,Ativo,2024-01-08
423,VOL-00423,Iluminação Linha 29 Modelo 03,Iluminação,Linha 3,MaxParts,UN,43.7300,60.4700,0.2769,19,C,Ativo,2024-12-31
424,VOL-00424,Baterias Linha 29 Modelo 04,Baterias,Linha 4,Autoline,UN,126.8800,207.0400,0.3872,26,B,Ativo,2023-09-13
425,VOL-00425,Palhetas Linha 29 Modelo 05,Palhetas,Linha 5,Voltix,UN,32.7600,52.5600,0.3767,33,C,Ativo,2024-05-13
426,VOL-00426,Lubrificantes Linha 29 Modelo 06,Lubrificantes,Linha 1,Tork,UN,68.1700,91.3900,0.2541,39,A,Ativo,2026-03-18
427,VOL-00427,Lubrificantes Linha 29 Modelo 07,Lubrificantes,Linha 2,Mobilis,UN,31.9700,38.1800,0.1627,18,B,Ativo,2026-05-11
428,VOL-00428,Filtros Linha 29 Modelo 08,Filtros,Linha 3,Autoline,UN,35.6600,47.5200,0.2497,49,C,Ativo,2024-06-11
429,VOL-00429,Filtros Linha 29 Modelo 09,Filtros,Linha 4,Forte,UN,42.7200,67.8900,0.3707,10,A,Ativo,2023-05-10
430,VOL-00430,Baterias Linha 29 Modelo 10,Baterias,Linha 5,Tork,UN,364.6700,474.6400,0.2317,36,B,Ativo,2026-06-19
431,VOL-00431,Manutenção Linha 29 Modelo 11,Manutenção,Linha 1,Autoline,UN,82.7900,128.9200,0.3578,2,B,Descontinuado,2023-04-17
432,VOL-00432,Baterias Linha 29 Modelo 12,Baterias,Linha 2,Mobilis,UN,424.3300,535.7300,0.2079,24,C,Ativo,2025-02-22
433,VOL-00433,Acessórios Linha 29 Modelo 13,Acessórios,Linha 3,Mobilis,UN,65.0500,101.1400,0.3569,5,B,Ativo,2025-03-11
434,VOL-00434,Lubrificantes Linha 29 Modelo 14,Lubrificantes,Linha 4,Mobilis,UN,32.5200,42.2900,0.2310,28,B,Ativo,2023-10-08
435,VOL-00435,Elétrica Linha 29 Modelo 15,Elétrica,Linha 5,Forte,UN,163.8400,205.7000,0.2035,6,A,Ativo,2025-11-16
436,VOL-00436,Lubrificantes Linha 30 Modelo 01,Lubrificantes,Linha 1,Autoline,UN,42.9600,65.9500,0.3486,43,B,Ativo,2023-02-24
437,VOL-00437,Acessórios Linha 30 Modelo 02,Acessórios,Linha 2,MaxParts,UN,84.0000,108.6500,0.2269,48,C,Ativo,2024-10-31
438,VOL-00438,Baterias Linha 30 Modelo 03,Baterias,Linha 3,Autoline,UN,223.4100,276.0800,0.1908,38,A,Ativo,2025-11-23
439,VOL-00439,Lubrificantes Linha 30 Modelo 04,Lubrificantes,Linha 4,Voltix,UN,126.1500,194.9400,0.3529,39,C,Ativo,2025-06-16
440,VOL-00440,Filtros Linha 30 Modelo 05,Filtros,Linha 5,Autoline,UN,27.9900,38.8500,0.2795,29,C,Ativo,2025-11-17
441,VOL-00441,Filtros Linha 30 Modelo 06,Filtros,Linha 1,Autoline,UN,40.3300,60.4500,0.3328,47,B,Lançamento,2026-07-30
442,VOL-00442,Baterias Linha 30 Modelo 07,Baterias,Linha 2,Mobilis,UN,289.3900,400.5300,0.2775,47,B,Ativo,2026-05-29
443,VOL-00443,Palhetas Linha 30 Modelo 08,Palhetas,Linha 3,Autoline,UN,38.9300,60.9300,0.3612,17,A,Ativo,2023-12-21
444,VOL-00444,Iluminação Linha 30 Modelo 09,Iluminação,Linha 4,Mobilis,UN,26.1000,34.7800,0.2496,44,C,Ativo,2025-02-23
445,VOL-00445,Iluminação Linha 30 Modelo 10,Iluminação,Linha 5,Autoline,UN,38.9200,54.2600,0.2828,3,A,Ativo,2025-08-27
446,VOL-00446,Manutenção Linha 30 Modelo 11,Manutenção,Linha 1,Forte,UN,44.1400,58.7400,0.2485,48,C,Ativo,2026-05-24
447,VOL-00447,Filtros Linha 30 Modelo 12,Filtros,Linha 2,Forte,UN,26.0600,36.7900,0.2916,11,B,Ativo,2023-07-10
448,VOL-00448,Baterias Linha 30 Modelo 13,Baterias,Linha 3,Voltix,UN,282.9000,437.8300,0.3538,25,C,Ativo,2024-11-29
449,VOL-00449,Lubrificantes Linha 30 Modelo 14,Lubrificantes,Linha 4,Mobilis,UN,47.5400,58.8500,0.1921,47,C,Ativo,2024-11-21
450,VOL-00450,Filtros Linha 30 Modelo 15,Filtros,Linha 5,Voltix,UN,21.0200,29.3100,0.2828,25,B,Ativo,2023-12-30
451,VOL-00451,Manutenção Linha 31 Modelo 01,Manutenção,Linha 1,Voltix,UN,20.4700,26.5200,0.2281,12,A,Ativo,2025-01-19
452,VOL-00452,Iluminação Linha 31 Modelo 02,Iluminação,Linha 2,Voltix,UN,18.9800,26.9700,0.2963,13,C,Ativo,2024-04-23
453,VOL-00453,Iluminação Linha 31 Modelo 03,Iluminação,Linha 3,Mobilis,UN,48.5500,57.2600,0.1520,35,C,Ativo,2023-05-21
454,VOL-00454,Iluminação Linha 31 Modelo 04,Iluminação,Linha 4,Tork,UN,28.7700,37.6600,0.2361,10,C,Ativo,2024-12-10
455,VOL-00455,Baterias Linha 31 Modelo 05,Baterias,Linha 5,Mobilis,UN,163.1100,243.3700,0.3298,3,B,Descontinuado,2025-09-22
456,VOL-00456,Elétrica Linha 31 Modelo 06,Elétrica,Linha 1,Forte,UN,203.0700,297.5300,0.3175,15,B,Ativo,2026-01-08
457,VOL-00457,Filtros Linha 31 Modelo 07,Filtros,Linha 2,Forte,UN,23.8500,32.2100,0.2596,29,C,Ativo,2023-05-29
458,VOL-00458,Lubrificantes Linha 31 Modelo 08,Lubrificantes,Linha 3,Tork,UN,90.9000,111.5000,0.1847,11,A,Ativo,2024-03-25
459,VOL-00459,Baterias Linha 31 Modelo 09,Baterias,Linha 4,Tork,UN,339.7400,415.5300,0.1824,2,B,Ativo,2024-06-06
460,VOL-00460,Lubrificantes Linha 31 Modelo 10,Lubrificantes,Linha 5,MaxParts,UN,68.1200,109.9500,0.3805,2,B,Ativo,2023-12-21
461,VOL-00461,Elétrica Linha 31 Modelo 11,Elétrica,Linha 1,Mobilis,UN,62.8900,77.9500,0.1931,5,C,Ativo,2026-04-24
462,VOL-00462,Iluminação Linha 31 Modelo 12,Iluminação,Linha 2,Mobilis,UN,52.3900,67.0900,0.2190,40,B,Ativo,2025-09-17
463,VOL-00463,Elétrica Linha 31 Modelo 13,Elétrica,Linha 3,MaxParts,UN,103.9500,130.3000,0.2022,38,B,Ativo,2024-01-31
464,VOL-00464,Baterias Linha 31 Modelo 14,Baterias,Linha 4,Voltix,UN,230.7700,283.1000,0.1848,36,A,Ativo,2025-06-21
465,VOL-00465,Baterias Linha 31 Modelo 15,Baterias,Linha 5,MaxParts,UN,396.3400,522.4800,0.2414,23,C,Ativo,2023-08-23
466,VOL-00466,Iluminação Linha 32 Modelo 01,Iluminação,Linha 1,Mobilis,UN,47.0200,64.9600,0.2761,50,A,Ativo,2024-05-18
467,VOL-00467,Elétrica Linha 32 Modelo 02,Elétrica,Linha 2,Tork,UN,88.5400,123.3000,0.2819,34,A,Ativo,2025-11-08
468,VOL-00468,Manutenção Linha 32 Modelo 03,Manutenção,Linha 3,Mobilis,UN,44.0100,58.6900,0.2502,28,B,Ativo,2023-08-25
469,VOL-00469,Baterias Linha 32 Modelo 04,Baterias,Linha 4,MaxParts,UN,489.6400,693.4800,0.2939,13,A,Ativo,2023-04-10
470,VOL-00470,Baterias Linha 32 Modelo 05,Baterias,Linha 5,MaxParts,UN,297.9300,373.6600,0.2027,18,C,Ativo,2026-06-29
471,VOL-00471,Iluminação Linha 32 Modelo 06,Iluminação,Linha 1,Mobilis,UN,58.8600,96.1100,0.3876,49,C,Ativo,2024-09-10
472,VOL-00472,Iluminação Linha 32 Modelo 07,Iluminação,Linha 2,Tork,UN,21.7800,26.3600,0.1738,1,A,Ativo,2025-04-09
473,VOL-00473,Iluminação Linha 32 Modelo 08,Iluminação,Linha 3,Forte,UN,18.3700,25.8700,0.2901,45,C,Ativo,2023-12-31
474,VOL-00474,Filtros Linha 32 Modelo 09,Filtros,Linha 4,Mobilis,UN,35.1200,53.5500,0.3441,47,C,Ativo,2025-09-16
475,VOL-00475,Iluminação Linha 32 Modelo 10,Iluminação,Linha 5,Tork,UN,32.9400,51.3600,0.3585,38,B,Ativo,2023-07-26
476,VOL-00476,Lubrificantes Linha 32 Modelo 11,Lubrificantes,Linha 1,Tork,UN,47.6300,75.4500,0.3687,12,C,Ativo,2025-11-25
477,VOL-00477,Filtros Linha 32 Modelo 12,Filtros,Linha 2,Voltix,UN,22.0600,30.8100,0.2842,23,C,Ativo,2025-02-15
478,VOL-00478,Baterias Linha 32 Modelo 13,Baterias,Linha 3,Mobilis,UN,225.5700,347.0900,0.3501,44,B,Ativo,2024-03-13
479,VOL-00479,Lubrificantes Linha 32 Modelo 14,Lubrificantes,Linha 4,Autoline,UN,28.6200,46.7300,0.3875,37,A,Ativo,2024-01-16
480,VOL-00480,Filtros Linha 32 Modelo 15,Filtros,Linha 5,Autoline,UN,36.3000,54.8100,0.3376,9,C,Ativo,2024-05-24
481,VOL-00481,Acessórios Linha 33 Modelo 01,Acessórios,Linha 1,Forte,UN,71.7500,84.9200,0.1551,48,B,Ativo,2025-10-06
482,VOL-00482,Lubrificantes Linha 33 Modelo 02,Lubrificantes,Linha 2,Voltix,UN,68.7700,88.5600,0.2235,13,C,Ativo,2024-01-24
483,VOL-00483,Filtros Linha 33 Modelo 03,Filtros,Linha 3,Voltix,UN,27.8100,40.3800,0.3112,47,B,Ativo,2024-09-10
484,VOL-00484,Elétrica Linha 33 Modelo 04,Elétrica,Linha 4,Forte,UN,192.6200,273.3400,0.2953,14,C,Ativo,2023-07-01
485,VOL-00485,Iluminação Linha 33 Modelo 05,Iluminação,Linha 5,Forte,UN,45.6900,57.6300,0.2071,34,B,Ativo,2024-12-30
486,VOL-00486,Lubrificantes Linha 33 Modelo 06,Lubrificantes,Linha 1,Forte,UN,34.6700,43.7800,0.2081,40,C,Ativo,2026-07-23
487,VOL-00487,Baterias Linha 33 Modelo 07,Baterias,Linha 2,Mobilis,UN,333.9300,518.6400,0.3562,7,C,Ativo,2023-02-17
488,VOL-00488,Baterias Linha 33 Modelo 08,Baterias,Linha 3,Autoline,UN,528.8400,766.4700,0.3100,14,C,Ativo,2025-09-23
489,VOL-00489,Iluminação Linha 33 Modelo 09,Iluminação,Linha 4,Mobilis,UN,33.6400,45.5000,0.2607,6,B,Ativo,2023-02-12
490,VOL-00490,Elétrica Linha 33 Modelo 10,Elétrica,Linha 5,MaxParts,UN,291.6800,361.6300,0.1934,45,B,Ativo,2024-11-08
491,VOL-00491,Baterias Linha 33 Modelo 11,Baterias,Linha 1,Tork,UN,234.4900,276.1400,0.1508,1,A,Ativo,2026-02-20
492,VOL-00492,Baterias Linha 33 Modelo 12,Baterias,Linha 2,MaxParts,UN,164.2100,200.2300,0.1799,34,C,Ativo,2026-05-31
493,VOL-00493,Baterias Linha 33 Modelo 13,Baterias,Linha 3,MaxParts,UN,257.8300,356.8500,0.2775,4,A,Ativo,2025-03-27
494,VOL-00494,Lubrificantes Linha 33 Modelo 14,Lubrificantes,Linha 4,Tork,UN,39.9600,58.4000,0.3159,32,A,Ativo,2024-06-11
495,VOL-00495,Manutenção Linha 33 Modelo 15,Manutenção,Linha 5,MaxParts,UN,54.9400,83.2600,0.3401,41,A,Ativo,2024-08-24
496,VOL-00496,Manutenção Linha 34 Modelo 01,Manutenção,Linha 1,Tork,UN,28.9300,43.9900,0.3423,47,C,Ativo,2026-03-28
497,VOL-00497,Lubrificantes Linha 34 Modelo 02,Lubrificantes,Linha 2,Tork,UN,67.4300,83.9600,0.1969,6,B,Ativo,2023-11-12
498,VOL-00498,Iluminação Linha 34 Modelo 03,Iluminação,Linha 3,Tork,UN,50.3500,60.5300,0.1682,35,C,Ativo,2025-09-20
499,VOL-00499,Palhetas Linha 34 Modelo 04,Palhetas,Linha 4,Tork,UN,51.0800,74.5400,0.3147,50,A,Ativo,2026-03-03
500,VOL-00500,Palhetas Linha 34 Modelo 05,Palhetas,Linha 5,Forte,UN,22.0300,35.8200,0.3849,6,C,Ativo,2023-01-28
501,VOL-00501,Lubrificantes Linha 34 Modelo 06,Lubrificantes,Linha 1,Tork,UN,64.1600,99.5300,0.3553,2,A,Ativo,2025-08-02
502,VOL-00502,Baterias Linha 34 Modelo 07,Baterias,Linha 2,Tork,UN,365.0900,476.7200,0.2342,41,C,Ativo,2026-04-27
503,VOL-00503,Filtros Linha 34 Modelo 08,Filtros,Linha 3,Tork,UN,25.9000,31.4500,0.1764,40,C,Ativo,2023-03-17
504,VOL-00504,Palhetas Linha 34 Modelo 09,Palhetas,Linha 4,Forte,UN,43.5200,60.5300,0.2811,39,A,Ativo,2026-05-28
505,VOL-00505,Filtros Linha 34 Modelo 10,Filtros,Linha 5,Mobilis,UN,28.1400,39.7500,0.2922,45,A,Ativo,2026-05-08
506,VOL-00506,Filtros Linha 34 Modelo 11,Filtros,Linha 1,Mobilis,UN,35.9700,50.9400,0.2938,34,B,Ativo,2025-10-26
507,VOL-00507,Filtros Linha 34 Modelo 12,Filtros,Linha 2,Forte,UN,39.4700,48.8700,0.1923,19,B,Ativo,2026-02-04
508,VOL-00508,Elétrica Linha 34 Modelo 13,Elétrica,Linha 3,Tork,UN,107.8800,135.9100,0.2062,13,B,Ativo,2024-06-03
509,VOL-00509,Elétrica Linha 34 Modelo 14,Elétrica,Linha 4,Forte,UN,87.9500,118.6600,0.2588,4,C,Ativo,2025-02-21
510,VOL-00510,Lubrificantes Linha 34 Modelo 15,Lubrificantes,Linha 5,Tork,UN,75.3800,119.1300,0.3672,35,C,Ativo,2025-08-29
511,VOL-00511,Elétrica Linha 35 Modelo 01,Elétrica,Linha 1,Voltix,UN,70.0300,102.5600,0.3172,9,A,Ativo,2023-08-11
512,VOL-00512,Iluminação Linha 35 Modelo 02,Iluminação,Linha 2,MaxParts,UN,65.6400,83.8700,0.2174,3,B,Ativo,2026-07-02
513,VOL-00513,Palhetas Linha 35 Modelo 03,Palhetas,Linha 3,Autoline,UN,41.8300,59.3600,0.2953,40,C,Ativo,2023-06-12
514,VOL-00514,Manutenção Linha 35 Modelo 04,Manutenção,Linha 4,Tork,UN,42.0000,55.5500,0.2438,5,C,Ativo,2025-12-21
515,VOL-00515,Acessórios Linha 35 Modelo 05,Acessórios,Linha 5,Voltix,UN,82.1500,117.8600,0.3030,24,B,Ativo,2024-01-04
516,VOL-00516,Baterias Linha 35 Modelo 06,Baterias,Linha 1,MaxParts,UN,275.5400,325.2600,0.1529,13,A,Ativo,2023-05-04
517,VOL-00517,Baterias Linha 35 Modelo 07,Baterias,Linha 2,MaxParts,UN,378.4000,596.5700,0.3657,21,B,Ativo,2026-03-05
518,VOL-00518,Baterias Linha 35 Modelo 08,Baterias,Linha 3,MaxParts,UN,119.1200,178.7500,0.3336,28,C,Ativo,2025-08-28
519,VOL-00519,Baterias Linha 35 Modelo 09,Baterias,Linha 4,Autoline,UN,282.4500,353.2500,0.2004,20,B,Ativo,2025-04-23
520,VOL-00520,Elétrica Linha 35 Modelo 10,Elétrica,Linha 5,Autoline,UN,49.0200,74.1700,0.3390,18,A,Ativo,2024-07-29
521,VOL-00521,Filtros Linha 35 Modelo 11,Filtros,Linha 1,Mobilis,UN,24.4000,34.3500,0.2898,20,A,Ativo,2024-04-11
522,VOL-00522,Baterias Linha 35 Modelo 12,Baterias,Linha 2,Mobilis,UN,269.3500,414.5300,0.3502,4,B,Ativo,2024-09-18
523,VOL-00523,Baterias Linha 35 Modelo 13,Baterias,Linha 3,Tork,UN,263.2300,350.3400,0.2486,42,A,Ativo,2024-07-31
524,VOL-00524,Iluminação Linha 35 Modelo 14,Iluminação,Linha 4,Tork,UN,23.1100,27.1900,0.1501,49,B,Ativo,2026-01-29
525,VOL-00525,Baterias Linha 35 Modelo 15,Baterias,Linha 5,Mobilis,UN,499.6200,632.4900,0.2101,19,B,Ativo,2025-02-10
526,VOL-00526,Baterias Linha 36 Modelo 01,Baterias,Linha 1,Voltix,UN,216.5700,330.3500,0.3444,38,B,Ativo,2026-02-06
527,VOL-00527,Lubrificantes Linha 36 Modelo 02,Lubrificantes,Linha 2,Autoline,UN,27.5800,36.1100,0.2361,34,A,Ativo,2023-10-25
528,VOL-00528,Lubrificantes Linha 36 Modelo 03,Lubrificantes,Linha 3,Tork,UN,59.1300,90.5100,0.3467,18,C,Ativo,2023-12-02
529,VOL-00529,Baterias Linha 36 Modelo 04,Baterias,Linha 4,Autoline,UN,250.1300,331.6000,0.2457,18,C,Ativo,2025-02-26
530,VOL-00530,Filtros Linha 36 Modelo 05,Filtros,Linha 5,Forte,UN,27.4000,37.7900,0.2750,36,B,Ativo,2025-10-05
531,VOL-00531,Lubrificantes Linha 36 Modelo 06,Lubrificantes,Linha 1,Mobilis,UN,74.2600,95.1700,0.2197,16,B,Ativo,2026-02-13
532,VOL-00532,Baterias Linha 36 Modelo 07,Baterias,Linha 2,Voltix,UN,569.5600,818.6100,0.3042,6,B,Ativo,2024-01-15
533,VOL-00533,Acessórios Linha 36 Modelo 08,Acessórios,Linha 3,Tork,UN,41.1800,49.0300,0.1601,6,C,Ativo,2024-07-27
534,VOL-00534,Elétrica Linha 36 Modelo 09,Elétrica,Linha 4,Forte,UN,99.6300,154.7800,0.3563,7,A,Ativo,2025-01-13
535,VOL-00535,Lubrificantes Linha 36 Modelo 10,Lubrificantes,Linha 5,Autoline,UN,86.8200,141.8000,0.3877,43,C,Ativo,2025-10-18
536,VOL-00536,Acessórios Linha 36 Modelo 11,Acessórios,Linha 1,Tork,UN,82.8300,126.6500,0.3460,8,A,Ativo,2024-01-21
537,VOL-00537,Baterias Linha 36 Modelo 12,Baterias,Linha 2,Autoline,UN,428.6300,599.1200,0.2846,28,C,Ativo,2025-10-15
538,VOL-00538,Elétrica Linha 36 Modelo 13,Elétrica,Linha 3,Tork,UN,74.1100,104.5200,0.2909,46,B,Ativo,2024-04-01
539,VOL-00539,Palhetas Linha 36 Modelo 14,Palhetas,Linha 4,Forte,UN,58.5400,70.6700,0.1717,22,B,Ativo,2026-04-08
540,VOL-00540,Manutenção Linha 36 Modelo 15,Manutenção,Linha 5,MaxParts,UN,50.6000,76.8400,0.3415,34,B,Ativo,2025-06-07
541,VOL-00541,Lubrificantes Linha 37 Modelo 01,Lubrificantes,Linha 1,Forte,UN,90.1800,142.5900,0.3675,43,B,Ativo,2025-07-16
542,VOL-00542,Palhetas Linha 37 Modelo 02,Palhetas,Linha 2,Forte,UN,27.0700,32.5100,0.1672,29,B,Ativo,2025-02-09
543,VOL-00543,Iluminação Linha 37 Modelo 03,Iluminação,Linha 3,Voltix,UN,57.4100,89.9100,0.3614,38,C,Ativo,2024-06-05
544,VOL-00544,Baterias Linha 37 Modelo 04,Baterias,Linha 4,Autoline,UN,609.7300,799.2900,0.2372,18,A,Ativo,2023-10-09
545,VOL-00545,Filtros Linha 37 Modelo 05,Filtros,Linha 5,Tork,UN,41.6200,51.5200,0.1923,1,B,Ativo,2023-12-04
546,VOL-00546,Palhetas Linha 37 Modelo 06,Palhetas,Linha 1,Autoline,UN,45.3100,58.8900,0.2306,28,B,Ativo,2026-04-11
547,VOL-00547,Filtros Linha 37 Modelo 07,Filtros,Linha 2,Voltix,UN,29.5900,35.0100,0.1547,36,C,Ativo,2024-11-22
548,VOL-00548,Elétrica Linha 37 Modelo 08,Elétrica,Linha 3,Autoline,UN,251.7200,333.8000,0.2459,26,B,Ativo,2026-02-13
549,VOL-00549,Elétrica Linha 37 Modelo 09,Elétrica,Linha 4,Forte,UN,45.5700,55.4900,0.1788,32,C,Ativo,2023-07-06
550,VOL-00550,Palhetas Linha 37 Modelo 10,Palhetas,Linha 5,Tork,UN,31.0900,38.0500,0.1830,29,B,Ativo,2023-02-17
551,VOL-00551,Baterias Linha 37 Modelo 11,Baterias,Linha 1,Tork,UN,121.2800,173.6000,0.3014,24,C,Ativo,2024-07-03
552,VOL-00552,Lubrificantes Linha 37 Modelo 12,Lubrificantes,Linha 2,Voltix,UN,24.5000,30.1000,0.1859,36,C,Ativo,2023-10-16
553,VOL-00553,Palhetas Linha 37 Modelo 13,Palhetas,Linha 3,Autoline,UN,111.0800,147.0700,0.2448,41,B,Ativo,2023-07-31
554,VOL-00554,Baterias Linha 37 Modelo 14,Baterias,Linha 4,Voltix,UN,287.7500,458.7900,0.3728,29,C,Ativo,2024-08-13
555,VOL-00555,Iluminação Linha 37 Modelo 15,Iluminação,Linha 5,Tork,UN,15.5200,23.7200,0.3457,24,B,Ativo,2024-08-27
556,VOL-00556,Baterias Linha 38 Modelo 01,Baterias,Linha 1,Forte,UN,297.1100,406.4000,0.2689,10,B,Ativo,2026-04-06
557,VOL-00557,Palhetas Linha 38 Modelo 02,Palhetas,Linha 2,MaxParts,UN,63.0400,88.9500,0.2913,29,C,Ativo,2026-05-15
558,VOL-00558,Manutenção Linha 38 Modelo 03,Manutenção,Linha 3,Tork,UN,75.1200,115.6500,0.3504,46,C,Ativo,2025-11-09
559,VOL-00559,Acessórios Linha 38 Modelo 04,Acessórios,Linha 4,Forte,UN,38.8300,52.3200,0.2577,40,A,Ativo,2025-06-16
560,VOL-00560,Lubrificantes Linha 38 Modelo 05,Lubrificantes,Linha 5,Forte,UN,72.9600,90.0100,0.1893,30,C,Ativo,2023-05-25
561,VOL-00561,Acessórios Linha 38 Modelo 06,Acessórios,Linha 1,Autoline,UN,62.2900,83.3400,0.2527,18,B,Ativo,2023-05-18
562,VOL-00562,Lubrificantes Linha 38 Modelo 07,Lubrificantes,Linha 2,Autoline,UN,65.3000,103.9300,0.3716,27,C,Lançamento,2026-01-12
563,VOL-00563,Palhetas Linha 38 Modelo 08,Palhetas,Linha 3,Autoline,UN,70.9600,91.7200,0.2263,11,C,Ativo,2026-03-07
564,VOL-00564,Baterias Linha 38 Modelo 09,Baterias,Linha 4,Forte,UN,310.2200,446.6900,0.3055,30,C,Ativo,2026-01-26
565,VOL-00565,Acessórios Linha 38 Modelo 10,Acessórios,Linha 5,Autoline,UN,52.6400,79.3000,0.3363,33,C,Ativo,2025-03-31
566,VOL-00566,Elétrica Linha 38 Modelo 11,Elétrica,Linha 1,Autoline,UN,59.9300,70.7600,0.1530,19,C,Ativo,2023-07-27
567,VOL-00567,Filtros Linha 38 Modelo 12,Filtros,Linha 2,Voltix,UN,30.7100,41.6800,0.2632,1,C,Ativo,2025-08-23
568,VOL-00568,Filtros Linha 38 Modelo 13,Filtros,Linha 3,Tork,UN,29.9200,45.7600,0.3461,9,C,Ativo,2024-02-12
569,VOL-00569,Lubrificantes Linha 38 Modelo 14,Lubrificantes,Linha 4,Tork,UN,53.4200,63.3500,0.1568,48,B,Lançamento,2026-03-17
570,VOL-00570,Lubrificantes Linha 38 Modelo 15,Lubrificantes,Linha 5,Voltix,UN,55.9300,68.3300,0.1814,50,B,Ativo,2023-04-02
571,VOL-00571,Acessórios Linha 39 Modelo 01,Acessórios,Linha 1,Voltix,UN,138.2300,225.0400,0.3857,29,A,Ativo,2023-11-22
572,VOL-00572,Manutenção Linha 39 Modelo 02,Manutenção,Linha 2,MaxParts,UN,29.0800,43.4600,0.3308,36,A,Ativo,2023-02-19
573,VOL-00573,Filtros Linha 39 Modelo 03,Filtros,Linha 3,Autoline,UN,40.4100,60.6100,0.3333,4,C,Ativo,2024-09-19
574,VOL-00574,Filtros Linha 39 Modelo 04,Filtros,Linha 4,Autoline,UN,38.5300,62.5700,0.3842,22,A,Ativo,2024-06-15
575,VOL-00575,Iluminação Linha 39 Modelo 05,Iluminação,Linha 5,Forte,UN,47.9400,68.4900,0.3001,17,C,Ativo,2023-06-27
576,VOL-00576,Elétrica Linha 39 Modelo 06,Elétrica,Linha 1,Autoline,UN,114.0300,174.0400,0.3448,23,B,Ativo,2026-03-30
577,VOL-00577,Iluminação Linha 39 Modelo 07,Iluminação,Linha 2,Voltix,UN,73.5600,89.1300,0.1747,32,C,Ativo,2024-06-12
578,VOL-00578,Lubrificantes Linha 39 Modelo 08,Lubrificantes,Linha 3,Tork,UN,47.1100,58.9000,0.2000,48,B,Ativo,2023-10-13
579,VOL-00579,Palhetas Linha 39 Modelo 09,Palhetas,Linha 4,Tork,UN,27.8900,45.3000,0.3843,9,B,Ativo,2025-03-31
580,VOL-00580,Iluminação Linha 39 Modelo 10,Iluminação,Linha 5,Tork,UN,42.7200,67.6800,0.3688,22,C,Ativo,2025-10-22
581,VOL-00581,Baterias Linha 39 Modelo 11,Baterias,Linha 1,Voltix,UN,215.9400,336.3000,0.3579,3,B,Ativo,2026-01-31
582,VOL-00582,Iluminação Linha 39 Modelo 12,Iluminação,Linha 2,Forte,UN,68.8000,93.6900,0.2657,46,C,Ativo,2024-06-22
583,VOL-00583,Filtros Linha 39 Modelo 13,Filtros,Linha 3,Voltix,UN,30.3400,40.8800,0.2579,30,A,Ativo,2025-01-30
584,VOL-00584,Filtros Linha 39 Modelo 14,Filtros,Linha 4,MaxParts,UN,63.6800,77.2600,0.1758,10,B,Ativo,2024-05-23
585,VOL-00585,Elétrica Linha 39 Modelo 15,Elétrica,Linha 5,Mobilis,UN,98.5900,123.9100,0.2043,32,C,Ativo,2023-06-12
586,VOL-00586,Acessórios Linha 40 Modelo 01,Acessórios,Linha 1,Autoline,UN,39.9600,64.0400,0.3759,42,B,Ativo,2023-12-09
587,VOL-00587,Filtros Linha 40 Modelo 02,Filtros,Linha 2,Mobilis,UN,28.1200,42.7500,0.3422,23,C,Ativo,2024-05-26
588,VOL-00588,Baterias Linha 40 Modelo 03,Baterias,Linha 3,Tork,UN,677.7000,942.6600,0.2811,30,B,Ativo,2025-08-19
589,VOL-00589,Baterias Linha 40 Modelo 04,Baterias,Linha 4,Forte,UN,504.4900,623.7400,0.1912,30,A,Ativo,2026-01-15
590,VOL-00590,Lubrificantes Linha 40 Modelo 05,Lubrificantes,Linha 5,Autoline,UN,44.9700,68.6900,0.3453,7,C,Ativo,2025-10-07
591,VOL-00591,Lubrificantes Linha 40 Modelo 06,Lubrificantes,Linha 1,Autoline,UN,42.2800,51.7200,0.1825,3,C,Ativo,2023-10-09
592,VOL-00592,Elétrica Linha 40 Modelo 07,Elétrica,Linha 2,Forte,UN,115.9800,165.1700,0.2978,37,A,Ativo,2025-11-14
593,VOL-00593,Baterias Linha 40 Modelo 08,Baterias,Linha 3,Mobilis,UN,233.6300,376.2900,0.3791,12,C,Ativo,2025-02-19
594,VOL-00594,Palhetas Linha 40 Modelo 09,Palhetas,Linha 4,Voltix,UN,62.6800,86.4400,0.2749,30,B,Ativo,2025-03-16
595,VOL-00595,Filtros Linha 40 Modelo 10,Filtros,Linha 5,Tork,UN,41.5200,56.5100,0.2652,48,B,Ativo,2024-10-19
596,VOL-00596,Manutenção Linha 40 Modelo 11,Manutenção,Linha 1,Voltix,UN,37.4500,46.7100,0.1983,30,C,Ativo,2025-05-25
597,VOL-00597,Iluminação Linha 40 Modelo 12,Iluminação,Linha 2,Autoline,UN,94.1000,134.5200,0.3005,14,C,Ativo,2025-05-18
598,VOL-00598,Iluminação Linha 40 Modelo 13,Iluminação,Linha 3,MaxParts,UN,21.1300,29.6300,0.2867,38,C,Ativo,2026-03-04
599,VOL-00599,Baterias Linha 40 Modelo 14,Baterias,Linha 4,Mobilis,UN,324.9800,458.7300,0.2916,4,C,Ativo,2024-08-25
600,VOL-00600,Baterias Linha 40 Modelo 15,Baterias,Linha 5,Mobilis,UN,287.2500,344.7000,0.1667,46,B,Ativo,2024-09-23
601,VOL-00601,Lubrificantes Linha 41 Modelo 01,Lubrificantes,Linha 1,Mobilis,UN,67.0600,88.7500,0.2445,48,C,Ativo,2025-11-28
602,VOL-00602,Manutenção Linha 41 Modelo 02,Manutenção,Linha 2,Voltix,UN,52.6100,63.7700,0.1750,7,A,Ativo,2026-01-04
603,VOL-00603,Manutenção Linha 41 Modelo 03,Manutenção,Linha 3,Mobilis,UN,60.4500,96.2900,0.3722,50,A,Ativo,2025-03-17
604,VOL-00604,Acessórios Linha 41 Modelo 04,Acessórios,Linha 4,Tork,UN,33.2800,45.2600,0.2646,35,C,Ativo,2023-01-23
605,VOL-00605,Elétrica Linha 41 Modelo 05,Elétrica,Linha 5,Forte,UN,238.9300,378.1600,0.3682,10,C,Ativo,2026-04-02
606,VOL-00606,Filtros Linha 41 Modelo 06,Filtros,Linha 1,Voltix,UN,36.0100,46.5300,0.2261,49,B,Lançamento,2026-03-28
607,VOL-00607,Baterias Linha 41 Modelo 07,Baterias,Linha 2,Tork,UN,378.4800,496.6000,0.2379,48,B,Ativo,2025-07-16
608,VOL-00608,Palhetas Linha 41 Modelo 08,Palhetas,Linha 3,MaxParts,UN,54.5200,78.4200,0.3047,32,C,Ativo,2023-04-11
609,VOL-00609,Iluminação Linha 41 Modelo 09,Iluminação,Linha 4,Forte,UN,34.0700,44.8000,0.2396,4,C,Ativo,2023-09-14
610,VOL-00610,Baterias Linha 41 Modelo 10,Baterias,Linha 5,Voltix,UN,454.2000,652.1200,0.3035,34,C,Ativo,2025-11-02
611,VOL-00611,Iluminação Linha 41 Modelo 11,Iluminação,Linha 1,Voltix,UN,29.8100,47.4600,0.3718,16,C,Ativo,2026-03-31
612,VOL-00612,Elétrica Linha 41 Modelo 12,Elétrica,Linha 2,Voltix,UN,65.7700,106.4300,0.3820,6,C,Ativo,2025-04-08
613,VOL-00613,Elétrica Linha 41 Modelo 13,Elétrica,Linha 3,Autoline,UN,69.4800,86.7500,0.1991,14,B,Ativo,2025-06-27
614,VOL-00614,Acessórios Linha 41 Modelo 14,Acessórios,Linha 4,Voltix,UN,74.2600,111.5800,0.3345,23,C,Ativo,2025-08-08
615,VOL-00615,Acessórios Linha 41 Modelo 15,Acessórios,Linha 5,Mobilis,UN,43.9100,65.7200,0.3319,17,B,Ativo,2024-01-13
616,VOL-00616,Iluminação Linha 42 Modelo 01,Iluminação,Linha 1,Autoline,UN,67.2400,94.4500,0.2880,42,A,Ativo,2025-01-26
617,VOL-00617,Baterias Linha 42 Modelo 02,Baterias,Linha 2,Forte,UN,1130.5000,1372.5000,0.1763,7,C,Ativo,2026-01-17
618,VOL-00618,Lubrificantes Linha 42 Modelo 03,Lubrificantes,Linha 3,MaxParts,UN,21.6800,27.6000,0.2146,33,A,Ativo,2025-05-26
619,VOL-00619,Lubrificantes Linha 42 Modelo 04,Lubrificantes,Linha 4,MaxParts,UN,60.3600,76.1100,0.2070,22,C,Ativo,2025-03-14
620,VOL-00620,Baterias Linha 42 Modelo 05,Baterias,Linha 5,Voltix,UN,278.3900,365.5200,0.2384,16,C,Ativo,2023-01-07
621,VOL-00621,Baterias Linha 42 Modelo 06,Baterias,Linha 1,Autoline,UN,451.4000,590.3500,0.2354,10,C,Ativo,2025-06-06
622,VOL-00622,Lubrificantes Linha 42 Modelo 07,Lubrificantes,Linha 2,MaxParts,UN,66.0600,105.7000,0.3751,11,B,Ativo,2025-07-18
623,VOL-00623,Filtros Linha 42 Modelo 08,Filtros,Linha 3,Voltix,UN,30.2500,38.6700,0.2177,38,A,Ativo,2024-04-11
624,VOL-00624,Elétrica Linha 42 Modelo 09,Elétrica,Linha 4,Mobilis,UN,99.0900,118.6600,0.1649,40,C,Ativo,2026-07-11
625,VOL-00625,Filtros Linha 42 Modelo 10,Filtros,Linha 5,MaxParts,UN,30.7300,50.1900,0.3878,10,B,Ativo,2023-11-18
626,VOL-00626,Manutenção Linha 42 Modelo 11,Manutenção,Linha 1,Voltix,UN,54.0400,70.9500,0.2384,24,C,Ativo,2025-11-27
627,VOL-00627,Manutenção Linha 42 Modelo 12,Manutenção,Linha 2,Forte,UN,54.2100,69.3400,0.2182,29,C,Lançamento,2026-04-26
628,VOL-00628,Lubrificantes Linha 42 Modelo 13,Lubrificantes,Linha 3,Tork,UN,36.7000,57.8200,0.3654,9,C,Ativo,2024-07-08
629,VOL-00629,Iluminação Linha 42 Modelo 14,Iluminação,Linha 4,MaxParts,UN,14.9900,21.7100,0.3097,41,C,Ativo,2024-11-01
630,VOL-00630,Filtros Linha 42 Modelo 15,Filtros,Linha 5,Forte,UN,15.1700,17.8600,0.1505,11,B,Descontinuado,2025-09-10
631,VOL-00631,Baterias Linha 43 Modelo 01,Baterias,Linha 1,Voltix,UN,186.8100,304.1500,0.3858,24,C,Ativo,2025-01-25
632,VOL-00632,Lubrificantes Linha 43 Modelo 02,Lubrificantes,Linha 2,Voltix,UN,50.2400,67.8400,0.2595,20,C,Ativo,2026-01-06
633,VOL-00633,Elétrica Linha 43 Modelo 03,Elétrica,Linha 3,Tork,UN,140.7500,178.2000,0.2102,48,A,Ativo,2023-11-25
634,VOL-00634,Elétrica Linha 43 Modelo 04,Elétrica,Linha 4,MaxParts,UN,71.8600,104.9000,0.3150,49,A,Ativo,2026-01-22
635,VOL-00635,Lubrificantes Linha 43 Modelo 05,Lubrificantes,Linha 5,MaxParts,UN,36.4600,48.2900,0.2450,46,B,Ativo,2024-07-16
636,VOL-00636,Elétrica Linha 43 Modelo 06,Elétrica,Linha 1,Mobilis,UN,86.7000,111.6600,0.2236,29,B,Ativo,2024-07-15
637,VOL-00637,Iluminação Linha 43 Modelo 07,Iluminação,Linha 2,Voltix,UN,33.6100,52.4100,0.3587,26,A,Ativo,2025-02-20
638,VOL-00638,Baterias Linha 43 Modelo 08,Baterias,Linha 3,Voltix,UN,779.8000,1043.6300,0.2528,3,B,Ativo,2024-12-18
639,VOL-00639,Palhetas Linha 43 Modelo 09,Palhetas,Linha 4,Mobilis,UN,45.7700,67.6800,0.3238,17,C,Ativo,2026-06-02
640,VOL-00640,Manutenção Linha 43 Modelo 10,Manutenção,Linha 5,MaxParts,UN,94.4900,125.4100,0.2465,23,C,Ativo,2024-03-24
641,VOL-00641,Baterias Linha 43 Modelo 11,Baterias,Linha 1,Tork,UN,493.3600,586.2600,0.1585,13,C,Ativo,2023-04-09
642,VOL-00642,Palhetas Linha 43 Modelo 12,Palhetas,Linha 2,Mobilis,UN,49.1400,69.8700,0.2968,5,A,Ativo,2024-07-04
643,VOL-00643,Baterias Linha 43 Modelo 13,Baterias,Linha 3,Tork,UN,303.9900,370.5700,0.1797,38,C,Descontinuado,2023-10-05
644,VOL-00644,Filtros Linha 43 Modelo 14,Filtros,Linha 4,Mobilis,UN,28.0100,35.9500,0.2210,44,B,Ativo,2024-06-03
645,VOL-00645,Palhetas Linha 43 Modelo 15,Palhetas,Linha 5,Tork,UN,25.3500,32.9900,0.2315,37,C,Ativo,2025-01-08
646,VOL-00646,Baterias Linha 44 Modelo 01,Baterias,Linha 1,Forte,UN,309.3000,490.9200,0.3700,24,C,Ativo,2023-02-20
647,VOL-00647,Lubrificantes Linha 44 Modelo 02,Lubrificantes,Linha 2,Forte,UN,34.7400,41.3700,0.1601,29,B,Ativo,2024-03-21
648,VOL-00648,Baterias Linha 44 Modelo 03,Baterias,Linha 3,Autoline,UN,389.9700,510.6900,0.2364,12,B,Ativo,2024-04-20
649,VOL-00649,Baterias Linha 44 Modelo 04,Baterias,Linha 4,Tork,UN,186.9100,283.5400,0.3408,26,B,Ativo,2024-04-14
650,VOL-00650,Baterias Linha 44 Modelo 05,Baterias,Linha 5,Voltix,UN,647.5800,883.5000,0.2670,19,B,Ativo,2025-11-19
651,VOL-00651,Filtros Linha 44 Modelo 06,Filtros,Linha 1,Voltix,UN,43.3200,59.9200,0.2770,35,B,Ativo,2025-07-20
652,VOL-00652,Lubrificantes Linha 44 Modelo 07,Lubrificantes,Linha 2,Mobilis,UN,39.6600,56.2000,0.2944,12,A,Ativo,2024-01-31
653,VOL-00653,Elétrica Linha 44 Modelo 08,Elétrica,Linha 3,Forte,UN,211.9400,275.4800,0.2306,15,C,Ativo,2024-04-04
654,VOL-00654,Filtros Linha 44 Modelo 09,Filtros,Linha 4,Autoline,UN,59.2100,78.2200,0.2431,30,A,Ativo,2026-01-12
655,VOL-00655,Baterias Linha 44 Modelo 10,Baterias,Linha 5,Autoline,UN,439.0400,516.6200,0.1502,6,C,Ativo,2024-10-29
656,VOL-00656,Filtros Linha 44 Modelo 11,Filtros,Linha 1,MaxParts,UN,39.5200,64.7900,0.3900,27,C,Ativo,2023-10-04
657,VOL-00657,Elétrica Linha 44 Modelo 12,Elétrica,Linha 2,Tork,UN,78.5200,110.2400,0.2877,37,C,Ativo,2025-08-16
658,VOL-00658,Filtros Linha 44 Modelo 13,Filtros,Linha 3,Forte,UN,14.0900,20.3700,0.3083,42,B,Ativo,2025-03-22
659,VOL-00659,Manutenção Linha 44 Modelo 14,Manutenção,Linha 4,Mobilis,UN,38.8100,55.4000,0.2994,43,C,Ativo,2025-07-30
660,VOL-00660,Baterias Linha 44 Modelo 15,Baterias,Linha 5,MaxParts,UN,337.6300,460.9200,0.2675,27,B,Ativo,2024-02-06
661,VOL-00661,Palhetas Linha 45 Modelo 01,Palhetas,Linha 1,MaxParts,UN,103.1700,127.1000,0.1883,42,C,Ativo,2024-02-27
662,VOL-00662,Iluminação Linha 45 Modelo 02,Iluminação,Linha 2,Voltix,UN,30.3500,48.1100,0.3691,5,B,Ativo,2024-12-01
663,VOL-00663,Filtros Linha 45 Modelo 03,Filtros,Linha 3,Forte,UN,42.7500,59.2600,0.2785,27,A,Ativo,2025-12-29
664,VOL-00664,Baterias Linha 45 Modelo 04,Baterias,Linha 4,MaxParts,UN,433.9800,568.9300,0.2372,35,B,Descontinuado,2026-02-24
665,VOL-00665,Lubrificantes Linha 45 Modelo 05,Lubrificantes,Linha 5,Voltix,UN,74.6400,90.6700,0.1768,47,C,Ativo,2024-04-12
666,VOL-00666,Palhetas Linha 45 Modelo 06,Palhetas,Linha 1,Mobilis,UN,50.6900,77.6200,0.3470,18,C,Ativo,2026-06-13
667,VOL-00667,Filtros Linha 45 Modelo 07,Filtros,Linha 2,Forte,UN,25.9100,40.5500,0.3610,23,A,Ativo,2026-04-30
668,VOL-00668,Baterias Linha 45 Modelo 08,Baterias,Linha 3,Tork,UN,224.0000,337.0400,0.3354,47,C,Lançamento,2026-03-01
669,VOL-00669,Filtros Linha 45 Modelo 09,Filtros,Linha 4,Forte,UN,26.7700,41.1100,0.3490,25,A,Ativo,2025-10-27
670,VOL-00670,Palhetas Linha 45 Modelo 10,Palhetas,Linha 5,Voltix,UN,42.3000,62.6500,0.3249,14,C,Ativo,2025-11-13
671,VOL-00671,Filtros Linha 45 Modelo 11,Filtros,Linha 1,Voltix,UN,58.4500,86.8100,0.3267,22,C,Ativo,2026-06-11
672,VOL-00672,Filtros Linha 45 Modelo 12,Filtros,Linha 2,Voltix,UN,20.2000,27.5400,0.2664,34,C,Ativo,2023-12-19
673,VOL-00673,Baterias Linha 45 Modelo 13,Baterias,Linha 3,Tork,UN,392.9900,542.7300,0.2759,33,B,Ativo,2025-07-08
674,VOL-00674,Elétrica Linha 45 Modelo 14,Elétrica,Linha 4,Mobilis,UN,233.8400,293.8900,0.2043,27,B,Ativo,2024-08-25
675,VOL-00675,Lubrificantes Linha 45 Modelo 15,Lubrificantes,Linha 5,Voltix,UN,72.9400,87.4600,0.1660,36,C,Ativo,2025-05-28
676,VOL-00676,Filtros Linha 46 Modelo 01,Filtros,Linha 1,Autoline,UN,31.7100,51.0600,0.3789,4,C,Ativo,2026-01-14
677,VOL-00677,Baterias Linha 46 Modelo 02,Baterias,Linha 2,Mobilis,UN,185.4600,285.5000,0.3504,27,A,Ativo,2025-09-02
678,VOL-00678,Manutenção Linha 46 Modelo 03,Manutenção,Linha 3,Autoline,UN,51.0600,60.9200,0.1618,26,C,Lançamento,2026-07-25
679,VOL-00679,Baterias Linha 46 Modelo 04,Baterias,Linha 4,MaxParts,UN,365.2200,510.7200,0.2849,16,C,Ativo,2024-11-08
680,VOL-00680,Baterias Linha 46 Modelo 05,Baterias,Linha 5,Autoline,UN,698.6200,1134.8100,0.3844,18,A,Ativo,2023-01-25
681,VOL-00681,Baterias Linha 46 Modelo 06,Baterias,Linha 1,Tork,UN,254.3300,305.6500,0.1679,31,B,Ativo,2023-01-19
682,VOL-00682,Iluminação Linha 46 Modelo 07,Iluminação,Linha 2,Autoline,UN,27.8000,32.7400,0.1508,40,B,Ativo,2025-03-20
683,VOL-00683,Filtros Linha 46 Modelo 08,Filtros,Linha 3,Tork,UN,57.5200,83.5300,0.3113,34,C,Ativo,2023-11-04
684,VOL-00684,Baterias Linha 46 Modelo 09,Baterias,Linha 4,Autoline,UN,315.8100,493.0500,0.3595,48,C,Ativo,2025-04-08
685,VOL-00685,Lubrificantes Linha 46 Modelo 10,Lubrificantes,Linha 5,Mobilis,UN,87.9600,107.7100,0.1833,19,B,Ativo,2025-11-18
686,VOL-00686,Elétrica Linha 46 Modelo 11,Elétrica,Linha 1,Autoline,UN,121.7100,152.6400,0.2026,21,A,Ativo,2024-04-17
687,VOL-00687,Baterias Linha 46 Modelo 12,Baterias,Linha 2,MaxParts,UN,217.5100,287.6600,0.2439,33,C,Ativo,2026-01-09
688,VOL-00688,Manutenção Linha 46 Modelo 13,Manutenção,Linha 3,Mobilis,UN,68.9700,88.7300,0.2228,50,C,Ativo,2025-12-31
689,VOL-00689,Acessórios Linha 46 Modelo 14,Acessórios,Linha 4,Tork,UN,50.2400,67.2100,0.2526,45,A,Ativo,2023-01-15
690,VOL-00690,Baterias Linha 46 Modelo 15,Baterias,Linha 5,Tork,UN,505.5600,807.7000,0.3741,4,A,Ativo,2023-12-14
691,VOL-00691,Baterias Linha 47 Modelo 01,Baterias,Linha 1,Forte,UN,380.2900,505.5500,0.2478,44,B,Ativo,2024-04-21
692,VOL-00692,Manutenção Linha 47 Modelo 02,Manutenção,Linha 2,Voltix,UN,27.2300,34.6600,0.2143,49,B,Ativo,2024-04-12
693,VOL-00693,Elétrica Linha 47 Modelo 03,Elétrica,Linha 3,Mobilis,UN,84.7000,104.4000,0.1888,9,C,Ativo,2025-03-19
694,VOL-00694,Acessórios Linha 47 Modelo 04,Acessórios,Linha 4,MaxParts,UN,96.6700,142.2200,0.3203,44,C,Ativo,2024-02-20
695,VOL-00695,Lubrificantes Linha 47 Modelo 05,Lubrificantes,Linha 5,Tork,UN,41.5500,58.7200,0.2925,21,A,Ativo,2026-03-06
696,VOL-00696,Manutenção Linha 47 Modelo 06,Manutenção,Linha 1,MaxParts,UN,50.3900,71.0500,0.2908,22,C,Ativo,2026-04-08
697,VOL-00697,Acessórios Linha 47 Modelo 07,Acessórios,Linha 2,Voltix,UN,46.7900,69.8500,0.3302,48,A,Ativo,2023-06-23
698,VOL-00698,Iluminação Linha 47 Modelo 08,Iluminação,Linha 3,Mobilis,UN,24.2400,32.5900,0.2562,25,C,Ativo,2023-07-15
699,VOL-00699,Baterias Linha 47 Modelo 09,Baterias,Linha 4,Mobilis,UN,197.8000,253.9500,0.2211,20,C,Ativo,2024-08-29
700,VOL-00700,Baterias Linha 47 Modelo 10,Baterias,Linha 5,Autoline,UN,367.3000,440.5400,0.1663,37,C,Ativo,2023-09-27
