AnoMes,FilialID,VendedorID,MetaFaturamento,MetaMargem,MetaClientesPositivados,MetaMix,MetaNovosClientes
2024-01,1,1,619228.9700,142422.6600,73,5,6
2024-01,1,2,570990.7300,131327.8700,66,4,11
2024-01,1,3,654877.2200,150621.7600,70,4,7
2024-01,1,4,583193.9900,134134.6200,62,5,7
2024-01,1,5,755077.1800,173667.7500,71,4,6
2024-01,2,6,543449.3600,124993.3500,55,4,11
2024-01,2,7,647789.8300,148991.6600,80,4,5
2024-01,2,8,689893.2700,158675.4500,101,6,11
2024-01,2,9,686806.4500,157965.4800,57,6,4
2024-01,2,10,491813.1300,113117.0200,67,5,9
2024-01,3,11,479825.1500,110359.7800,82,5,10
2024-01,3,12,466045.6800,107190.5100,105,4,6
2024-01,3,13,584208.7700,134368.0200,112,5,3
2024-01,3,14,809331.0800,186146.1500,55,3,11
2024-01,3,15,607481.2100,139720.6800,62,3,3
2024-01,4,16,732243.5800,168416.0200,86,3,9
2024-01,4,17,494023.1400,113625.3200,96,5,10
2024-01,4,18,423174.0500,97330.0300,71,3,3
2024-01,4,19,504313.7800,115992.1700,105,5,3
2024-01,4,20,621741.9700,143000.6500,114,6,5
2024-02,1,1,696882.5800,160282.9900,50,6,8
2024-02,1,2,646913.6800,148790.1500,87,3,8
2024-02,1,3,649510.6900,149387.4600,93,6,3
2024-02,1,4,630961.4300,145121.1300,56,3,11
2024-02,1,5,793537.1900,182513.5500,112,4,9
2024-02,2,6,559345.8700,128649.5500,109,6,9
2024-02,2,7,594680.7700,136776.5800,83,6,3
2024-02,2,8,710691.4100,163459.0300,76,4,9
2024-02,2,9,689930.0400,158683.9100,81,3,9
2024-02,2,10,530485.1300,122011.5800,83,4,10
2024-02,3,11,514419.0000,118316.3700,63,4,11
2024-02,3,12,466036.6100,107188.4200,50,3,3
2024-02,3,13,572040.8400,131569.3900,105,5,11
2024-02,3,14,702220.8500,161510.7900,99,3,3
2024-02,3,15,573004.5400,131791.0400,74,5,9
2024-02,4,16,729207.0800,167717.6300,108,5,9
2024-02,4,17,494738.9700,113789.9600,70,3,3
2024-02,4,18,468070.1500,107656.1300,55,4,3
2024-02,4,19,521971.7000,120053.4900,82,6,9
2024-02,4,20,620736.4100,142769.3700,104,6,9
2024-03,1,1,604067.4900,138935.5200,54,5,6
2024-03,1,2,630980.7300,145125.5700,107,5,9
2024-03,1,3,634466.9400,145927.4000,72,6,10
2024-03,1,4,591792.1100,136112.1900,77,3,8
2024-03,1,5,739528.2700,170091.5000,93,3,5
2024-03,2,6,560013.9600,128803.2100,90,5,10
2024-03,2,7,630547.7000,145025.9700,88,6,10
2024-03,2,8,673156.6500,154826.0300,68,3,8
2024-03,2,9,743011.3700,170892.6200,85,4,10
2024-03,2,10,511340.4600,117608.3000,67,4,6
2024-03,3,11,434475.1200,99929.2800,96,5,11
2024-03,3,12,458677.5100,105495.8300,82,4,11
2024-03,3,13,626313.7800,144052.1700,103,5,4
2024-03,3,14,724551.7500,166646.9000,88,3,8
2024-03,3,15,506219.3700,116430.4600,114,6,6
2024-03,4,16,723878.0400,166491.9500,51,6,11
2024-03,4,17,454130.5000,104450.0200,91,3,8
2024-03,4,18,440736.9800,101369.5100,83,5,5
2024-03,4,19,574286.6000,132085.9200,94,4,4
2024-03,4,20,643443.9400,147992.1100,99,3,5
2024-04,1,1,616171.7200,141719.5000,70,6,10
2024-04,1,2,677448.1000,155813.0600,84,6,7
2024-04,1,3,562123.2700,129288.3500,88,5,8
2024-04,1,4,683410.0700,157184.3200,85,6,11
2024-04,1,5,691416.1700,159025.7200,87,4,10
2024-04,2,6,612009.2100,140762.1200,104,5,11
2024-04,2,7,589390.4800,135559.8100,68,4,6
2024-04,2,8,807272.7600,185672.7400,99,5,10
2024-04,2,9,595696.8700,137010.2800,85,6,4
2024-04,2,10,561645.5000,129178.4700,69,6,4
2024-04,3,11,482902.6800,111067.6200,64,5,11
2024-04,3,12,460852.3000,105996.0300,106,4,3
2024-04,3,13,638917.8800,146951.1100,94,5,10
2024-04,3,14,720908.0700,165808.8600,90,5,11
2024-04,3,15,521820.7100,120018.7600,95,5,10
2024-04,4,16,829197.3600,190715.3900,77,4,4
2024-04,4,17,483902.7100,111297.6200,58,4,3
2024-04,4,18,472845.1100,108754.3800,73,4,4
2024-04,4,19,545200.9000,125396.2100,99,3,8
2024-04,4,20,625931.1500,143964.1600,101,3,8
2024-05,1,1,683214.8400,157139.4100,61,5,11
2024-05,1,2,704255.1300,161978.6800,108,6,7
2024-05,1,3,567822.2500,130599.1200,96,3,8
2024-05,1,4,629421.4000,144766.9200,90,6,5
2024-05,1,5,842005.8000,193661.3300,89,4,4
2024-05,2,6,636656.3000,146430.9500,84,4,5
2024-05,2,7,684337.5800,157397.6400,57,3,5
2024-05,2,8,776596.5900,178617.2200,112,5,5
2024-05,2,9,732539.8100,168484.1600,104,5,8
2024-05,2,10,571834.0000,131521.8200,79,6,3
2024-05,3,11,488588.5900,112375.3800,80,4,5
2024-05,3,12,538867.6200,123939.5500,79,5,11
2024-05,3,13,570386.0900,131188.8000,61,3,6
2024-05,3,14,726933.9000,167194.8000,58,6,7
2024-05,3,15,607376.2200,139696.5300,97,5,5
2024-05,4,16,812185.5900,186802.6900,83,5,11
2024-05,4,17,564344.9500,129799.3400,103,4,8
2024-05,4,18,534934.6900,123034.9800,69,4,6
2024-05,4,19,573777.5000,131968.8300,70,4,9
2024-05,4,20,679206.7700,156217.5600,86,5,10
2024-06,1,1,580697.2600,133560.3700,102,5,11
2024-06,1,2,632791.1000,145541.9500,106,3,10
2024-06,1,3,645156.3100,148385.9500,91,6,9
2024-06,1,4,625282.3800,143814.9500,47,5,11
2024-06,1,5,811343.3600,186608.9700,69,5,7
2024-06,2,6,641606.1200,147569.4100,90,6,10
2024-06,2,7,646784.9500,148760.5400,103,4,11
2024-06,2,8,794323.1400,182694.3200,83,4,5
2024-06,2,9,638802.5000,146924.5700,100,3,4
2024-06,2,10,507732.4500,116778.4600,71,4,6
2024-06,3,11,474723.1600,109186.3300,55,5,10
2024-06,3,12,475586.5200,109384.9000,70,5,3
2024-06,3,13,589305.3600,135540.2300,50,6,8
2024-06,3,14,839147.7100,193003.9700,62,5,7
2024-06,3,15,559675.5500,128725.3800,76,6,11
2024-06,4,16,737901.5500,169717.3600,91,6,11
2024-06,4,17,535026.2800,123056.0500,50,4,10
2024-06,4,18,497360.2200,114392.8500,58,3,5
2024-06,4,19,521915.5700,120040.5800,91,4,8
2024-06,4,20,699939.0000,160985.9700,62,4,8
2024-07,1,1,574298.7700,132088.7200,80,3,8
2024-07,1,2,738206.5400,169787.5000,58,6,6
2024-07,1,3,627036.7700,144218.4600,89,3,8
2024-07,1,4,540895.3300,124405.9300,85,6,9
2024-07,1,5,714677.4500,164375.8100,92,6,3
2024-07,2,6,568275.9400,130703.4700,45,4,9
2024-07,2,7,675317.5400,155323.0300,56,6,3
2024-07,2,8,678623.3000,156083.3600,114,6,10
2024-07,2,9,600990.3800,138227.7900,60,6,9
2024-07,2,10,510380.1000,117387.4200,76,5,4
2024-07,3,11,482089.3900,110880.5600,77,6,9
2024-07,3,12,432177.9800,99400.9400,114,5,10
2024-07,3,13,618878.4100,142342.0300,72,3,6
2024-07,3,14,864570.5900,198851.2300,77,4,5
2024-07,3,15,521978.8400,120055.1300,101,3,10
2024-07,4,16,716183.7200,164722.2600,87,4,8
2024-07,4,17,518597.4900,119277.4200,91,3,10
2024-07,4,18,439015.5100,100973.5700,98,3,4
2024-07,4,19,567024.6400,130415.6700,110,4,10
2024-07,4,20,721803.6200,166014.8300,77,6,7
2024-08,1,1,644854.9500,148316.6400,58,4,6
2024-08,1,2,692560.8900,159289.0000,62,5,9
2024-08,1,3,563647.9400,129639.0300,82,5,5
2024-08,1,4,620897.1600,142806.3500,55,4,9
2024-08,1,5,849532.9300,195392.5700,97,3,10
2024-08,2,6,510842.0100,117493.6600,95,4,7
2024-08,2,7,680221.0100,156450.8300,104,6,10
2024-08,2,8,824343.7400,189599.0600,87,4,9
2024-08,2,9,602442.3100,138561.7300,111,5,3
2024-08,2,10,510229.9600,117352.8900,90,5,4
2024-08,3,11,444843.7900,102314.0700,68,5,6
2024-08,3,12,520408.6100,119693.9800,92,3,5
2024-08,3,13,525730.2400,120917.9500,69,3,9
2024-08,3,14,742750.6900,170832.6600,89,6,11
2024-08,3,15,610714.1100,140464.2500,107,3,10
2024-08,4,16,833033.6800,191597.7500,53,3,11
2024-08,4,17,560254.5800,128858.5500,76,5,5
2024-08,4,18,420838.5300,96792.8600,54,3,9
2024-08,4,19,497883.7100,114513.2500,111,4,3
2024-08,4,20,614107.4500,141244.7100,93,6,8
2024-09,1,1,687638.2400,158156.7900,113,5,10
2024-09,1,2,674943.9100,155237.1000,101,5,8
2024-09,1,3,663886.7200,152693.9500,74,4,11
2024-09,1,4,648254.4600,149098.5300,92,3,10
2024-09,1,5,818424.3000,188237.5900,107,3,9
2024-09,2,6,633535.6000,145713.1900,57,6,7
2024-09,2,7,627827.1400,144400.2400,68,4,9
2024-09,2,8,667688.0900,153568.2600,106,3,4
2024-09,2,9,722819.7600,166248.5400,77,6,3
2024-09,2,10,529012.8500,121672.9500,83,3,11
2024-09,3,11,445475.0600,102459.2600,99,6,8
2024-09,3,12,439716.6400,101134.8300,71,3,4
2024-09,3,13,625313.4700,143822.1000,98,5,3
2024-09,3,14,806496.4600,185494.1900,72,3,9
2024-09,3,15,608490.8700,139952.9000,104,5,11
2024-09,4,16,772823.4000,177749.3800,96,5,10
2024-09,4,17,527649.0300,121359.2800,98,5,10
2024-09,4,18,434762.1800,99995.3000,103,6,6
2024-09,4,19,600335.0600,138077.0600,108,5,5
2024-09,4,20,654919.3300,150631.4500,80,6,4
2024-10,1,1,677532.7700,155832.5400,72,6,6
2024-10,1,2,677052.7900,155722.1400,60,3,7
2024-10,1,3,533885.4000,122793.6400,67,4,3
2024-10,1,4,650421.9000,149597.0400,109,3,9
2024-10,1,5,848659.1500,195191.6000,84,4,9
2024-10,2,6,587711.2100,135173.5800,107,5,5
2024-10,2,7,642502.4900,147775.5700,62,6,4
2024-10,2,8,775922.6100,178462.2000,63,3,8
2024-10,2,9,633126.7800,145619.1600,49,4,7
2024-10,2,10,597683.7900,137467.2700,83,3,9
2024-10,3,11,427957.6100,98430.2500,55,5,10
2024-10,3,12,469972.5400,108093.6800,75,3,3
2024-10,3,13,535477.1400,123159.7400,84,3,8
2024-10,3,14,761967.8500,175252.6000,55,4,7
2024-10,3,15,477872.9700,109910.7800,47,4,9
2024-10,4,16,883940.8900,203306.4000,105,5,3
2024-10,4,17,518640.0300,119287.2100,56,6,10
2024-10,4,18,427872.8400,98410.7500,65,5,3
2024-10,4,19,599183.1600,137812.1300,79,3,6
2024-10,4,20,573412.5700,131884.8900,85,3,7
2024-11,1,1,558853.0800,128536.2100,60,3,5
2024-11,1,2,690230.3400,158752.9800,83,5,4
2024-11,1,3,523317.1300,120362.9400,87,3,5
2024-11,1,4,575546.6700,132375.7300,73,5,7
2024-11,1,5,741589.9400,170565.6900,81,5,3
2024-11,2,6,547574.8600,125942.2200,85,3,10
2024-11,2,7,644873.5200,148320.9100,98,6,6
2024-11,2,8,653248.2400,150247.0900,56,3,8
2024-11,2,9,624424.5700,143617.6500,97,6,5
2024-11,2,10,576736.8100,132649.4700,91,3,8
2024-11,3,11,456201.6400,104926.3800,48,4,6
2024-11,3,12,462910.7000,106469.4600,93,6,4
2024-11,3,13,668935.8800,153855.2500,92,6,5
2024-11,3,14,777756.5900,178884.0200,110,6,6
2024-11,3,15,529429.7500,121768.8400,104,5,8
2024-11,4,16,812017.4100,186764.0100,53,4,6
2024-11,4,17,527801.9100,121394.4400,101,5,8
2024-11,4,18,422120.2300,97087.6500,55,3,6
2024-11,4,19,571605.1000,131469.1700,93,3,7
2024-11,4,20,578092.5200,132961.2800,78,5,7
2024-12,1,1,695074.6800,159867.1800,81,5,4
2024-12,1,2,586380.0200,134867.4000,108,4,6
2024-12,1,3,642062.5100,147674.3800,108,5,10
2024-12,1,4,666157.3600,153216.1900,86,6,7
2024-12,1,5,794328.5400,182695.5600,59,6,9
2024-12,2,6,543763.5000,125065.6000,65,6,8
2024-12,2,7,558809.7800,128526.2500,59,4,9
2024-12,2,8,654628.2100,150564.4900,71,6,3
2024-12,2,9,695688.3000,160008.3100,48,6,5
2024-12,2,10,616879.5600,141882.3000,89,5,3
2024-12,3,11,436101.2300,100303.2800,109,4,6
2024-12,3,12,518646.6700,119288.7300,71,3,6
2024-12,3,13,656737.5900,151049.6500,103,4,6
2024-12,3,14,754378.8500,173507.1400,63,5,4
2024-12,3,15,560127.9200,128829.4200,81,5,11
2024-12,4,16,828095.8800,190462.0500,65,5,11
2024-12,4,17,526336.2400,121057.3400,101,5,11
2024-12,4,18,515125.9600,118478.9700,73,4,4
2024-12,4,19,495632.4600,113995.4700,70,4,8
2024-12,4,20,705065.0600,162164.9600,73,5,7
2025-01,1,1,618506.5100,142256.5000,71,6,11
2025-01,1,2,768686.9200,176797.9900,102,3,7
2025-01,1,3,638612.4100,146880.8500,51,5,8
2025-01,1,4,595363.1900,136933.5300,113,4,4
2025-01,1,5,926359.9400,213062.7900,100,4,9
2025-01,2,6,593377.8500,136476.9100,108,4,6
2025-01,2,7,657557.3300,151238.1900,92,6,3
2025-01,2,8,845277.7500,194413.8800,78,5,9
2025-01,2,9,716839.1500,164873.0000,59,4,3
2025-01,2,10,612767.8100,140936.6000,67,5,8
2025-01,3,11,459037.4200,105578.6100,54,3,9
2025-01,3,12,530696.4300,122060.1800,68,3,5
2025-01,3,13,616662.5600,141832.3900,54,6,5
2025-01,3,14,957897.6000,220316.4500,104,6,4
2025-01,3,15,541569.1100,124560.9000,95,3,4
2025-01,4,16,846643.3800,194727.9800,99,6,5
2025-01,4,17,554858.3700,127617.4200,70,5,10
2025-01,4,18,553458.5100,127295.4600,52,5,9
2025-01,4,19,587952.3900,135229.0500,113,6,6
2025-01,4,20,685528.1000,157671.4600,49,4,11
2025-02,1,1,668652.5600,153790.0900,55,4,3
2025-02,1,2,754077.6300,173437.8500,110,3,9
2025-02,1,3,706674.1000,162535.0400,105,6,11
2025-02,1,4,611658.3700,140681.4200,61,4,7
2025-02,1,5,815924.5600,187662.6500,92,5,5
2025-02,2,6,598838.3100,137732.8100,52,6,8
2025-02,2,7,768144.0600,176673.1300,88,6,5
2025-02,2,8,750035.4900,172508.1600,51,6,9
2025-02,2,9,727490.6100,167322.8400,85,4,6
2025-02,2,10,648115.4000,149066.5400,54,3,7
2025-02,3,11,571612.5900,131470.8900,113,4,9
2025-02,3,12,542322.1800,124734.1000,67,4,6
2025-02,3,13,585356.9100,134632.0900,64,5,6
2025-02,3,14,888260.8300,204299.9900,107,4,8
2025-02,3,15,530530.9800,122022.1300,66,6,6
2025-02,4,16,838682.2500,192896.9200,62,5,3
2025-02,4,17,538526.8000,123861.1600,66,5,3
2025-02,4,18,574001.1000,132020.2500,65,4,11
2025-02,4,19,655842.2800,150843.7200,93,3,8
2025-02,4,20,621535.8500,142953.2500,92,4,10
2025-03,1,1,676150.5200,155514.6200,95,5,3
2025-03,1,2,667027.6000,153416.3500,102,3,8
2025-03,1,3,567811.0400,130596.5400,99,3,8
2025-03,1,4,704306.5800,161990.5100,50,6,10
2025-03,1,5,785619.9600,180692.5900,68,5,8
2025-03,2,6,616922.6000,141892.2000,48,4,5
2025-03,2,7,652126.6000,149989.1200,88,4,10
2025-03,2,8,860173.5100,197839.9100,87,3,11
2025-03,2,9,797376.3400,183396.5600,93,3,5
2025-03,2,10,549834.4600,126461.9300,62,5,6
2025-03,3,11,555110.7200,127675.4600,56,5,6
2025-03,3,12,471175.9000,108370.4600,110,6,10
2025-03,3,13,740576.8900,170332.6800,46,4,10
2025-03,3,14,843601.4300,194028.3300,68,5,7
2025-03,3,15,615086.4800,141469.8900,65,3,7
2025-03,4,16,816180.4400,187721.5000,78,4,6
2025-03,4,17,499581.3100,114903.7000,104,6,4
2025-03,4,18,571313.6100,131402.1300,72,4,8
2025-03,4,19,547442.9700,125911.8800,56,3,9
2025-03,4,20,757607.0700,174249.6300,79,5,9
2025-04,1,1,674639.1800,155167.0100,98,6,3
2025-04,1,2,772775.5000,177738.3700,103,6,11
2025-04,1,3,725904.6400,166958.0700,56,4,3
2025-04,1,4,613973.7100,141213.9500,102,4,11
2025-04,1,5,925771.6500,212927.4800,74,5,7
2025-04,2,6,687026.7900,158016.1600,96,3,10
2025-04,2,7,662228.5300,152312.5600,49,5,4
2025-04,2,8,872259.4600,200619.6800,56,3,5
2025-04,2,9,677996.2800,155939.1400,108,4,10
2025-04,2,10,562229.7600,129312.8400,66,5,4
2025-04,3,11,529977.6300,121894.8600,63,3,4
2025-04,3,12,609850.2200,140265.5500,74,3,3
2025-04,3,13,595356.4200,136931.9800,48,3,10
2025-04,3,14,954371.1500,219505.3700,47,6,10
2025-04,3,15,581657.4200,133781.2100,59,3,7
2025-04,4,16,904249.4700,207977.3800,71,5,6
2025-04,4,17,568220.2700,130690.6600,101,5,6
2025-04,4,18,590979.8300,135925.3600,53,4,11
2025-04,4,19,641603.5200,147568.8100,78,4,9
2025-04,4,20,748813.3800,172227.0800,87,5,5
2025-05,1,1,643821.2500,148078.8900,65,6,9
2025-05,1,2,758430.4800,174439.0100,96,3,10
2025-05,1,3,724128.0400,166549.4500,107,4,10
2025-05,1,4,647579.5900,148943.3100,109,5,11
2025-05,1,5,881232.8300,202683.5500,82,3,8
2025-05,2,6,629987.0100,144897.0100,47,3,11
2025-05,2,7,752722.5400,173126.1800,64,5,6
2025-05,2,8,841040.7700,193439.3800,109,3,4
2025-05,2,9,747578.7100,171943.1000,51,6,10
2025-05,2,10,667064.4500,153424.8200,100,4,8
2025-05,3,11,546362.9700,125663.4800,103,3,10
2025-05,3,12,542463.8000,124766.6700,73,5,11
2025-05,3,13,635178.6600,146091.0900,99,3,3
2025-05,3,14,810602.3300,186438.5400,52,5,7
2025-05,3,15,641293.4100,147497.4800,76,4,5
2025-05,4,16,887216.2400,204059.7400,45,5,7
2025-05,4,17,589817.6400,135658.0600,111,6,8
2025-05,4,18,515582.3100,118583.9300,84,3,9
2025-05,4,19,527325.4700,121284.8600,95,6,9
2025-05,4,20,760475.5400,174909.3700,107,3,10
2025-06,1,1,708885.3700,163043.6400,96,5,6
2025-06,1,2,672262.3200,154620.3300,59,3,7
2025-06,1,3,585727.8200,134717.4000,61,5,5
2025-06,1,4,719120.2000,165397.6500,51,3,11
2025-06,1,5,807956.4500,185829.9800,68,4,6
2025-06,2,6,633209.1500,145638.1100,73,4,4
2025-06,2,7,771361.9800,177413.2600,99,5,9
2025-06,2,8,873840.7700,200983.3800,80,4,7
2025-06,2,9,690041.0100,158709.4300,101,6,6
2025-06,2,10,657208.0100,151157.8400,73,3,10
2025-06,3,11,500364.5300,115083.8400,102,5,4
2025-06,3,12,582789.7500,134041.6400,57,4,7
2025-06,3,13,609437.3600,140170.5900,47,5,3
2025-06,3,14,838958.5100,192960.4600,62,6,3
2025-06,3,15,552981.7600,127185.8000,87,3,5
2025-06,4,16,946959.4900,217800.6800,89,6,4
2025-06,4,17,509130.9700,117100.1200,62,6,9
2025-06,4,18,576677.9900,132635.9400,48,3,7
2025-06,4,19,629585.4000,144804.6400,65,3,3
2025-06,4,20,703945.8600,161907.5500,70,5,4
2025-07,1,1,756094.1300,173901.6500,112,5,4
2025-07,1,2,806829.0900,185570.6900,84,6,8
2025-07,1,3,572422.4400,131657.1600,76,6,5
2025-07,1,4,745862.9700,171548.4800,86,3,10
2025-07,1,5,956981.3400,220105.7100,107,5,7
2025-07,2,6,688799.7400,158423.9400,93,3,5
2025-07,2,7,697533.4400,160432.6900,102,6,9
2025-07,2,8,810985.7600,186526.7300,88,5,7
2025-07,2,9,799810.8700,183956.5000,59,3,8
2025-07,2,10,687487.3800,158122.1000,103,5,10
2025-07,3,11,527659.2500,121361.6300,59,3,7
2025-07,3,12,494441.8200,113721.6200,90,4,7
2025-07,3,13,599443.6200,137872.0300,114,6,6
2025-07,3,14,851038.3300,195738.8200,67,4,7
2025-07,3,15,542964.4200,124881.8200,80,5,5
2025-07,4,16,788439.1100,181341.0000,86,4,8
2025-07,4,17,571234.6800,131383.9800,53,6,5
2025-07,4,18,536992.3300,123508.2400,51,5,11
2025-07,4,19,558103.5200,128363.8100,71,3,5
2025-07,4,20,788363.6000,181323.6300,73,6,9
2025-08,1,1,678592.3400,156076.2400,59,3,8
2025-08,1,2,716636.8700,164826.4800,98,6,6
2025-08,1,3,565630.4000,130094.9900,70,6,6
2025-08,1,4,755692.4200,173809.2600,66,5,9
2025-08,1,5,924101.4000,212543.3200,52,5,9
2025-08,2,6,559801.0300,128754.2400,58,3,9
2025-08,2,7,682160.2800,156896.8600,60,5,7
2025-08,2,8,764151.4900,175754.8400,67,4,11
2025-08,2,9,767562.3200,176539.3300,101,5,5
2025-08,2,10,683590.1100,157225.7300,101,4,9
2025-08,3,11,569423.1700,130967.3300,74,6,3
2025-08,3,12,475058.8800,109263.5400,112,5,7
2025-08,3,13,612640.5900,140907.3400,49,5,3
2025-08,3,14,805053.1600,185162.2300,85,4,10
2025-08,3,15,574816.6100,132207.8200,109,6,8
2025-08,4,16,796435.1600,183180.0900,107,5,11
2025-08,4,17,572082.4300,131578.9600,106,4,11
2025-08,4,18,515412.3400,118544.8400,78,4,3
2025-08,4,19,579235.6300,133224.1900,60,6,4
2025-08,4,20,791151.1800,181964.7700,48,4,8
2025-09,1,1,736066.5000,169295.2900,74,4,10
2025-09,1,2,702513.8700,161578.1900,103,5,3
2025-09,1,3,601292.6200,138297.3000,86,5,8
2025-09,1,4,670734.0300,154268.8300,86,5,11
2025-09,1,5,946769.1900,217756.9100,106,4,4
2025-09,2,6,620370.6900,142685.2600,69,4,8
2025-09,2,7,773781.5100,177969.7500,55,5,3
2025-09,2,8,842634.4500,193805.9200,78,5,11
2025-09,2,9,660066.3500,151815.2600,71,3,3
2025-09,2,10,537345.1000,123589.3700,55,4,10
2025-09,3,11,467992.4000,107638.2500,98,3,8
2025-09,3,12,568812.0800,130826.7800,107,4,7
2025-09,3,13,629131.6900,144700.2900,64,5,10
2025-09,3,14,780383.1900,179488.1300,97,4,7
2025-09,3,15,554657.0700,127571.1300,57,6,4
2025-09,4,16,858330.5200,197416.0200,98,3,8
2025-09,4,17,500949.5700,115218.4000,53,4,9
2025-09,4,18,538669.5200,123893.9900,60,5,8
2025-09,4,19,579739.9600,133340.1900,46,4,11
2025-09,4,20,784090.5600,180340.8300,109,3,4
2025-10,1,1,610176.8800,140340.6800,48,5,4
2025-10,1,2,762878.5100,175462.0600,72,6,7
2025-10,1,3,598852.3800,137736.0500,92,3,4
2025-10,1,4,724074.6000,166537.1600,97,4,4
2025-10,1,5,784384.0900,180408.3400,58,6,9
2025-10,2,6,621153.8400,142865.3800,67,6,6
2025-10,2,7,607618.5800,139752.2700,55,4,3
2025-10,2,8,899119.6400,206797.5200,85,3,6
2025-10,2,9,815685.4600,187607.6600,54,4,9
2025-10,2,10,680843.5000,156594.0000,89,5,4
2025-10,3,11,570943.2400,131316.9500,93,6,8
2025-10,3,12,495917.9400,114061.1300,55,4,7
2025-10,3,13,739709.5600,170133.2000,88,6,9
2025-10,3,14,973921.7000,224001.9900,81,5,9
2025-10,3,15,629552.1800,144797.0000,107,3,8
2025-10,4,16,973687.1700,223948.0500,47,3,6
2025-10,4,17,619600.6000,142508.1400,59,3,5
2025-10,4,18,478573.5100,110071.9100,112,6,6
2025-10,4,19,591488.6600,136042.3900,95,5,7
2025-10,4,20,700009.7800,161002.2500,48,6,10
2025-11,1,1,610202.6200,140346.6000,68,4,5
2025-11,1,2,680750.0300,156572.5100,70,3,11
2025-11,1,3,585621.3500,134692.9100,61,5,8
2025-11,1,4,603375.6900,138776.4100,89,3,5
2025-11,1,5,771117.7600,177357.0800,58,5,10
2025-11,2,6,703194.5500,161734.7500,100,5,11
2025-11,2,7,717377.8600,164996.9100,91,6,11
2025-11,2,8,840182.4900,193241.9700,80,3,10
2025-11,2,9,740861.8600,170398.2300,74,6,6
2025-11,2,10,620333.0000,142676.5900,66,6,6
2025-11,3,11,500944.4400,115217.2200,105,6,3
2025-11,3,12,531015.4300,122133.5500,100,4,10
2025-11,3,13,612008.6900,140762.0000,53,5,10
2025-11,3,14,781761.1500,179805.0600,114,6,10
2025-11,3,15,575650.7100,132399.6600,59,6,10
2025-11,4,16,794535.7800,182743.2300,80,5,4
2025-11,4,17,524495.5800,120633.9800,90,5,10
2025-11,4,18,501275.4600,115293.3600,110,3,3
2025-11,4,19,644868.9000,148319.8500,63,4,5
2025-11,4,20,680894.0700,156605.6400,73,3,7
2025-12,1,1,774024.0300,178025.5300,89,4,4
2025-12,1,2,756865.2700,174079.0100,84,5,10
2025-12,1,3,708438.1800,162940.7800,79,3,6
2025-12,1,4,765323.7500,176024.4600,48,3,10
2025-12,1,5,884606.6000,203459.5200,68,6,3
2025-12,2,6,700858.7000,161197.5000,111,4,5
2025-12,2,7,609230.3100,140122.9700,93,5,7
2025-12,2,8,894588.6400,205755.3900,95,6,4
2025-12,2,9,738886.6600,169943.9300,112,6,6
2025-12,2,10,595937.7300,137065.6800,102,5,6
2025-12,3,11,485134.4300,111580.9200,71,4,9
2025-12,3,12,590206.1700,135747.4200,61,5,7
2025-12,3,13,575035.3900,132258.1400,76,6,3
2025-12,3,14,894311.2900,205691.6000,90,4,3
2025-12,3,15,675064.3000,155264.7900,92,5,8
2025-12,4,16,882368.4700,202944.7500,77,5,5
2025-12,4,17,534040.7200,122829.3700,64,6,5
2025-12,4,18,573514.1400,131908.2500,80,6,3
2025-12,4,19,624191.0800,143563.9500,113,4,8
2025-12,4,20,703572.7800,161821.7400,109,6,5
2026-01,1,1,674045.8200,155030.5400,92,5,6
2026-01,1,2,853946.6500,196407.7300,66,5,11
2026-01,1,3,712181.2100,163801.6800,73,5,5
2026-01,1,4,835827.4600,192240.3200,66,4,8
2026-01,1,5,837405.6900,192603.3100,91,6,11
2026-01,2,6,734250.7200,168877.6700,104,5,7
2026-01,2,7,804857.6100,185117.2500,45,5,7
2026-01,2,8,767830.6400,176601.0500,64,5,9
2026-01,2,9,747916.2600,172020.7400,45,3,10
2026-01,2,10,580638.1700,133546.7800,99,3,9
2026-01,3,11,542099.9800,124683.0000,109,3,10
2026-01,3,12,664808.8600,152906.0400,71,6,4
2026-01,3,13,786526.1700,180901.0200,87,3,7
2026-01,3,14,1010913.0900,232510.0100,85,4,5
2026-01,3,15,681275.2500,156693.3100,57,5,5
2026-01,4,16,922431.8500,212159.3300,105,4,4
2026-01,4,17,660389.2100,151889.5200,84,3,6
2026-01,4,18,636827.7200,146470.3800,97,3,5
2026-01,4,19,676288.1500,155546.2700,93,3,5
2026-01,4,20,749591.0200,172405.9300,47,4,7
2026-02,1,1,743632.6200,171035.5000,100,6,4
2026-02,1,2,737418.2100,169606.1900,103,6,8
2026-02,1,3,724823.4400,166709.3900,112,3,3
2026-02,1,4,736258.8200,169339.5300,105,4,9
2026-02,1,5,847148.5200,194844.1600,67,5,11
2026-02,2,6,631416.0800,145225.7000,51,3,5
2026-02,2,7,817356.8600,187992.0800,96,4,6
2026-02,2,8,987591.4000,227146.0200,49,6,7
2026-02,2,9,897562.6800,206439.4200,84,5,7
2026-02,2,10,626443.2700,144081.9500,46,6,6
2026-02,3,11,547127.1000,125839.2300,59,5,5
2026-02,3,12,540935.7300,124415.2200,81,4,10
2026-02,3,13,681696.8100,156790.2700,63,4,8
2026-02,3,14,1036044.3600,238290.2000,82,3,4
2026-02,3,15,680845.2400,156594.4000,84,3,5
2026-02,4,16,1060230.1200,243852.9300,55,3,5
2026-02,4,17,533306.8100,122660.5700,83,5,5
2026-02,4,18,553425.1700,127287.7900,58,5,4
2026-02,4,19,639736.4100,147139.3800,64,6,9
2026-02,4,20,677241.7900,155765.6100,92,5,11
2026-03,1,1,721996.3000,166059.1500,111,5,8
2026-03,1,2,781740.1200,179800.2300,91,4,10
2026-03,1,3,797115.5600,183336.5800,77,5,3
2026-03,1,4,689924.9500,158682.7400,56,4,7
2026-03,1,5,999671.9700,229924.5500,96,6,11
2026-03,2,6,689283.8300,158535.2800,110,3,4
2026-03,2,7,794626.5300,182764.1000,51,6,6
2026-03,2,8,794992.1800,182848.2000,93,5,4
2026-03,2,9,888742.9400,204410.8800,87,6,7
2026-03,2,10,746470.0500,171688.1100,53,6,7
2026-03,3,11,593937.9600,136605.7300,62,3,3
2026-03,3,12,552684.8400,127117.5100,62,4,9
2026-03,3,13,773913.1900,178000.0300,85,3,11
2026-03,3,14,942414.4900,216755.3300,86,5,8
2026-03,3,15,680386.9500,156489.0000,102,4,9
2026-03,4,16,891844.0000,205124.1200,58,5,5
2026-03,4,17,659251.9900,151627.9600,49,6,8
2026-03,4,18,640118.7700,147227.3200,58,5,5
2026-03,4,19,608453.8900,139944.4000,83,5,7
2026-03,4,20,755860.6000,173847.9400,98,4,5
2026-04,1,1,737283.2200,169575.1400,54,5,10
2026-04,1,2,730252.9400,167958.1800,113,4,8
2026-04,1,3,660485.7000,151911.7100,97,3,4
2026-04,1,4,744952.6600,171339.1100,82,3,11
2026-04,1,5,936051.8500,215291.9300,94,4,10
2026-04,2,6,748175.0000,172080.2500,77,4,10
2026-04,2,7,755249.5100,173707.3900,77,5,10
2026-04,2,8,947963.4800,218031.6000,45,5,8
2026-04,2,9,843426.8000,193988.1600,49,5,5
2026-04,2,10,733272.3400,168652.6400,102,6,6
2026-04,3,11,584256.6500,134379.0300,66,6,6
2026-04,3,12,645151.0500,148384.7400,109,4,3
2026-04,3,13,709682.8600,163227.0600,48,6,11
2026-04,3,14,985737.6400,226719.6600,55,6,5
2026-04,3,15,718993.6400,165368.5400,114,3,10
2026-04,4,16,960037.4600,220808.6200,94,6,3
2026-04,4,17,570076.5100,131117.6000,66,6,4
2026-04,4,18,562127.9500,129289.4300,81,4,9
2026-04,4,19,595641.9700,136997.6500,64,5,10
2026-04,4,20,777756.0300,178883.8900,88,3,6
2026-05,1,1,824404.4900,189613.0300,53,5,8
2026-05,1,2,871575.5800,200462.3800,58,3,7
2026-05,1,3,792940.3900,182376.2900,100,6,10
2026-05,1,4,742169.3100,170698.9400,79,4,11
2026-05,1,5,837154.4600,192545.5300,87,5,5
2026-05,2,6,737202.6900,169556.6200,55,6,9
2026-05,2,7,785404.1100,180642.9400,62,6,9
2026-05,2,8,900246.0000,207056.5800,95,3,9
2026-05,2,9,897633.2900,206455.6600,107,5,4
2026-05,2,10,688162.1400,158277.2900,65,4,9
2026-05,3,11,629073.4800,144686.9000,59,3,5
2026-05,3,12,601710.6700,138393.4500,107,4,3
2026-05,3,13,736796.5100,169463.2000,107,6,9
2026-05,3,14,1067416.7000,245505.8400,100,6,10
2026-05,3,15,588802.5000,135424.5700,100,4,8
2026-05,4,16,1027778.1800,236388.9800,57,5,11
2026-05,4,17,635776.4400,146228.5800,57,6,3
2026-05,4,18,559431.8300,128669.3200,63,6,7
2026-05,4,19,631098.4600,145152.6500,78,6,3
2026-05,4,20,728700.0500,167601.0100,92,5,10
2026-06,1,1,669145.9200,153903.5600,94,4,8
2026-06,1,2,692211.2600,159208.5900,87,5,7
2026-06,1,3,788011.6400,181242.6800,74,4,10
2026-06,1,4,829394.3800,190760.7100,59,6,11
2026-06,1,5,878662.4500,202092.3600,55,5,11
2026-06,2,6,750058.5400,172513.4600,50,5,8
2026-06,2,7,837131.0200,192540.1300,110,5,11
2026-06,2,8,959919.3100,220781.4400,76,6,10
2026-06,2,9,810972.0300,186523.5700,103,6,9
2026-06,2,10,712605.2300,163899.2000,50,3,3
2026-06,3,11,598022.6100,137545.2000,104,6,3
2026-06,3,12,651245.8500,149786.5400,66,5,9
2026-06,3,13,652873.0800,150160.8100,56,3,6
2026-06,3,14,823769.4300,189466.9700,102,6,6
2026-06,3,15,701308.6000,161300.9800,69,5,5
2026-06,4,16,1051099.4000,241752.8600,45,6,4
2026-06,4,17,627196.7200,144255.2500,95,3,10
2026-06,4,18,510153.0700,117335.2100,98,5,5
2026-06,4,19,673361.8300,154873.2200,87,4,10
2026-06,4,20,680274.3700,156463.1100,58,6,5
2026-07,1,1,767686.7100,176567.9400,100,5,11
2026-07,1,2,826538.5100,190103.8600,103,4,11
2026-07,1,3,683588.6300,157225.3900,76,6,4
2026-07,1,4,827651.9000,190359.9400,50,3,9
2026-07,1,5,847021.3400,194814.9100,58,6,8
2026-07,2,6,614840.7500,141413.3700,55,5,9
2026-07,2,7,760739.4400,174970.0700,90,4,5
2026-07,2,8,910503.9300,209415.9000,78,4,9
2026-07,2,9,903629.5200,207834.7900,86,6,5
2026-07,2,10,742105.7200,170684.3200,59,3,6
2026-07,3,11,532322.9100,122434.2700,70,4,11
2026-07,3,12,655506.4600,150766.4900,60,5,6
2026-07,3,13,637563.3100,146639.5600,114,5,4
2026-07,3,14,824025.0000,189525.7500,90,5,6
2026-07,3,15,737856.6300,169707.0200,98,5,9
2026-07,4,16,1061485.8100,244141.7400,71,6,10
2026-07,4,17,586307.3200,134850.6800,105,5,11
2026-07,4,18,637990.5900,146737.8400,84,4,10
2026-07,4,19,665955.4200,153169.7500,73,4,4
2026-07,4,20,719681.4900,165526.7400,97,4,8
2026-08,1,1,685398.3600,157641.6200,107,6,8
2026-08,1,2,710076.9100,163317.6900,93,6,3
2026-08,1,3,657777.1000,151288.7300,84,5,9
2026-08,1,4,700395.0300,161090.8600,88,3,9
2026-08,1,5,1041196.7600,239475.2600,101,6,4
2026-08,2,6,623904.3600,143498.0000,53,4,9
2026-08,2,7,656765.1800,151055.9900,72,3,10
2026-08,2,8,958170.2400,220379.1600,46,6,9
2026-08,2,9,726329.9300,167055.8800,78,6,5
2026-08,2,10,691312.4200,159001.8600,48,4,11
2026-08,3,11,553596.8600,127327.2800,83,6,5
2026-08,3,12,526642.4400,121127.7600,86,5,6
2026-08,3,13,664319.4000,152793.4600,65,4,8
2026-08,3,14,1013410.1000,233084.3200,51,3,8
2026-08,3,15,576978.9100,132705.1500,53,6,11
2026-08,4,16,1002198.1800,230505.5800,45,5,5
2026-08,4,17,652369.2500,150044.9300,65,5,5
2026-08,4,18,608616.0300,139981.6900,78,5,8
2026-08,4,19,622576.2400,143192.5300,70,3,5
2026-08,4,20,693287.4600,159456.1200,66,5,3
2026-09,1,1,813917.5400,187201.0300,55,3,9
2026-09,1,2,727566.2600,167340.2400,83,4,7
2026-09,1,3,696688.7700,160238.4200,101,3,7
2026-09,1,4,837197.2000,192555.3600,78,6,11
2026-09,1,5,920758.4200,211774.4400,106,4,4
2026-09,2,6,726738.7700,167149.9200,111,4,4
2026-09,2,7,732827.7800,168550.3900,107,5,11
2026-09,2,8,783674.1600,180245.0600,62,6,5
2026-09,2,9,744733.3500,171288.6700,70,4,9
2026-09,2,10,660420.5800,151896.7300,109,5,3
2026-09,3,11,503454.8800,115794.6200,49,4,4
2026-09,3,12,660088.6900,151820.4000,81,5,6
2026-09,3,13,687918.3400,158221.2200,109,6,7
2026-09,3,14,894620.5000,205762.7100,105,3,11
2026-09,3,15,606602.0400,139518.4700,63,4,4
2026-09,4,16,1042076.7000,239677.6400,70,4,10
2026-09,4,17,599234.6600,137823.9700,97,6,8
2026-09,4,18,651442.2100,149831.7100,73,5,11
2026-09,4,19,657043.8900,151120.1000,100,5,5
2026-09,4,20,835298.8900,192118.7500,77,4,5
2026-10,1,1,837461.3200,192616.1000,62,6,9
2026-10,1,2,720288.5500,165666.3700,92,3,7
2026-10,1,3,718657.5900,165291.2500,100,3,4
2026-10,1,4,830625.1700,191043.7900,84,6,11
2026-10,1,5,839010.3000,192972.3700,97,5,10
2026-10,2,6,753792.2300,173372.2100,65,5,4
2026-10,2,7,843075.9200,193907.4600,87,6,3
2026-10,2,8,805102.8300,185173.6500,47,5,7
2026-10,2,9,858457.0600,197445.1200,106,3,6
2026-10,2,10,737378.5400,169597.0600,67,3,8
2026-10,3,11,526595.0700,121116.8700,57,5,10
2026-10,3,12,531847.3200,122324.8800,83,3,10
2026-10,3,13,711744.6400,163701.2700,54,5,7
2026-10,3,14,975839.8600,224443.1700,89,5,3
2026-10,3,15,574298.7500,132088.7100,105,5,10
2026-10,4,16,913502.5300,210105.5800,111,5,10
2026-10,4,17,542025.6200,124665.8900,47,6,3
2026-10,4,18,550619.0400,126642.3800,81,3,5
2026-10,4,19,643958.9700,148110.5600,100,4,8
2026-10,4,20,808850.9100,186035.7100,102,5,4
